default,Identifier,Remarks,id,eng enc ena enz eni ens enj enb enl ent enw,cs,da,de
Hello World!,HELLO_WORLD,Test the hello world,Halo Dunia,,,,
Goodbye Cruel World,GDBYCRLWRLD,Opposite of Hello World & used to delete save in AhiT,Selamat Tinggal Dunia yang Kejam,,,,
,,META NEA,,,,,
https://github.com/Perkedel/Lah-Mboh,GITHBMBOH,Source Code URL,,,,,
,,LEVEL NAMES,,,,,
DNB Testoid,MBOHTEST,Test level & the Hub when you load episode Lah Mboh?,,,,,
Kaorfa’s Hideout,KRFHIDE,Secret level test,Persembunyian Kaorfa,,,,
Right in front of you!,RIGHTFRN,Icon of sin direct kill test,Tepat didepanmu!,,,,
"It’s just a fight, right?",JUSTFITE,Monster Surprise room test,Ini cuman tarung biasa kan?,,,,
Plums’ Skytravaganza,PLMSKY1,Plums’ pack full of skies demo map,Ribuan Langit Plums,,,,
Mechadon’s Box O’ Skies,MECHSKY1,Mechadon’s box full of skies demo map,Kotak Mechadon Isi Langit,,,,
Garug Immigration Center,MBH01,"Level 1 of Megawad, Knock off E1M1 Ultimate Doom",Pusat Imigrasi Garug,,,,
Water Processings,MBH02,"Level 2, Knock off E1M2 Ultimate Doom",Pemroses Air,,,,
Elephant Slaugtherion,MBH03,it’s dark here,Slaughterion Gajah,,,,
Travelexer,MBH04,Simple Find 3 keys central hub level,,,,,
Pathway Blocked,MBH05,"There are too many enemies ahead of you in your way! 
Go farther to just about the center of crowd then install the bomb to finish.",Jalan Terblokir,,,,
Rest Area,MBH06,You have arrived at a rest area. Relax & healing!,Tempat Istirahat,,,,
Tower of Tribulation,MBH07,"Slaughterion again?
A 9 floor tower full of Invaders",Menara Pencobaan,,,,
Progressively Worse,MBH08,"Progressively Worse.
A building with overlapping 4th dimension ala Hollow",Semakin Parah,,,,
Painful Facts,MBH09,Beat this Pain Lord / Baron of Hell. Then immediately get out from here. The just opened new enemies won’t count,Fakta menyakitkan,,,,
The Golden Floor,MBH10,"This level is exclusively chaingunners, or here: Minigun Zombies. You are also given minigun supplies throughout the level.",Tanah Mas,,,,
Invisible Enemies,MBH11,"Almost all enemies are the Stealth variant alongside Spectres (Phantom Flesh Worm). 
This shortheight city is full of those Social Media user that blocked us. 
In many VR Games, you can no longer see other player (hence neither interact) that blocked you.",Musuh Tak Terlihat,,,,
Glance of Perceptions,MBH12,"Dark map strikes back! At Brightness 0
Grab those Night vision goggles intermittently!
Watch out! There are many Hurt Sectors too!",Kilasan Persepsi,,,,
"Green Barrel, Huge Explosion",MBH13,"Barrels O fun knockoff. A play of a famous quote “Tong kosong nyaring bunyinya”. 
(Empty barrel has the loudest ding)
It means someone who knows less, yaps alot. Or in this relevancy: acts than think
You must be quiet until you reach the barrel that you supposed to explode. 
The enemy should all be killed. Take the key from the first, as
The first enemy you saw triggers Door unlock upon death.","Tong Hijau, Besar Ledakannya",,,,
Shoot Afar,MBH14,Sniper level. Test your accurate aim,Tembak yg jauh,,,,
You can’t end like this!,MBH15,"Ala FraggleScript machinima test.
Simply interact with that agent who’s about to jump off a cliff just by his agency rented house.
That agent is from our agency, we must save him!",Kau tak boleh berakhir spt ini!,,,,
Chamber Triviatron,MBH16,"A trivia level utilizing heavily on ACS. The first is not a trivia, but just Guess Number, which the answer determined by level start.
The rest of the question is actual quiz escape room, some of which based on Holy Bible.",Ruang Triviatron,,,,
Necromancing Fellow,MBH17,All Arch-viles / Necromancers are flagged Friendly. Free them from the prisons and have your life easy.,Kawan Pembangkit Kubur,,,,
Everyone’s Flying,MBH18,"This level contains lots of flying enemies: Cacodemon, Lost Soul, & Pain Elemental",Semuanya Terbang,,,,
Heartbreaking Incidents,MBH19,"Beat this Assault Tripod / Cyberdemon named Heartbreaking Incidents. 
After he died, survive for atleast 15 second, then the exit door opens.",Kejadian Menyakitkan,,,,
Welcome to Technoland,MBH20,"Level inspired from Atomic Heart’s outside park, complete with Soviet Porno song from Freedoom 2.
This episode, mix Computer & Hell textures!",Selamat Datang di Pulau Tekno,,,,
Just Follow the Red Carpet,MBH21,You are entering confusing computer themed maze. Except the right way has already been red carpeted.,Ikuti saja karpet merah,,,,
Terry-fying,MBH22,"Oh no! The last level Yellow Keycard leads you to Terry Trap! 
It was Crusher you & fake boss brain (End Death Test)
We should’ve known the invaders Terry-fies places too!
(Duke Nukem: I should’ve known they’ve booby trapped my subs!)
We must act fast and beat the invader final boss before they Terry-fy the rest of DNB realms!
Don’t worry about the car, the DaNuBeau managed to portal the SUV back home the moment you’ve got Terry WADed.",Jebakan Terryman,,,,
I must get out from here,MBH23,"Second part of getting stuck in hell!
Slaughterion time!",Saya harus keluar dari sini,,,,
This is just hell themed city right?,MBH24,"You just realized now, that this is just another DNB realm which themed Hell.
But then again, this also being invaded by Invaders.
Oh yeah btw, welcome to the Arvester’s moon: Jongkale. Yes, this giant rock is red.",Ini cuman kota bertema neraka biasa kan?,,,,
Fertilisius,MBH25,"Another Slaughterion map which is Stacked like in Legacy of Rust.
Since at the time of making this level FD24 is not done yet, you are forced to use SKAG 1337 / BFG 9000.

Was I wish Fireblades were here / Seandainya Fireblade disini.
Don’t ask what you think that pillar looks on the outside hence the new map name.

Also this place is indeed to farm those new Invaders after manifested from previous plant somewhere.",Peternakan,,,,
I wish mom knows technology,MBH26,So she can maybe intervene against perpetrators?,Seandainya mama melek teknologi,,,,
I’m done for,MBH27,My reputation has been forever destroyed. Everyone now hates me.,Tamat sudah riwayatku,,,,
"Yes, I am suffering",MBH28,Puzzle level only?,"Ya, saya menderita",,,,
I’m turning into Ethereal soon,MBH29,"When things are hopeless, the rescue has come as your family finally found the boss location.
When you are about to reach exit you’ve just opened, unrealizingly there’s a tripwire linedef that shuts the door permanently.
No retrigger open anymore.
Luckily DaNeBeau SUV arrived and opened secret wall next by the door. Turns out, the SUV had just been
Upgraded with an experimental DOOM like teleporter system.
Instead of portaling, you can teleport like Latsufir & families (from FNF Last Funkin Moment)",Saya segera berubah jadi Ethereal,,,,
Valley of Despair,MBH30,"Bossbrain / Icon of Sin level. Beat the Invader CEO, named Valley of Despair.",Lembah Kekelaman,,,,
HORRAY YOU DID IT,MBH31,"Game end, but there is plot twist, that the MBH30 boss brain is not the target actually. The real target hides somewhere.
Spoiler: Accidental telefrag the actual Valley Sorrow on his personal working space. A Spider Mastermind!",HORE ANDA BERHASIL,,,,
Test Name,CHORALBE,Test UMAPINFO capability,Nama Tes,,,,
Template Empty,MBHTMPL,,Kosong Template,,,,
Freeloader lord,FREELD,"A fanfic again!
You just thrown into a hell, because you sparsdated DOOM & share all of them, 
even Bethesda has long discontinued DOOM I + II in every digital stores.",Master Freeloader,,,,
Teleport Guy,TELEFAST,Test fast teleport thing,Si Teleporter,,,,
Different World,DIFFWRLD,Test change dimension emulation,Dunia berbeda,,,,
Floor Donut,DONUTER,"To do donut, make a pilar & acid pool surrounding it.
The Pillar linedefs must face towards the pool, & the pool linedefs in total faces towards the pool.
Tag this pillar sector, make switch that runs Floor Donut action, where tag point to this pillar.
Adjust speed for pool & pillar respectively.
It is recommended, the pillar sector flat is as same as the main floor.",Palang Asam,,,,
Portal Sector Test,PORTALA,,Tes Portal Sektor,,,,
To Title Screen,TOTITLE,,Ke Layar Judul,,,,
To Daisy Scroll,TOTITLE2,,Ke Gambar Daisy,,,,
To Funny Casts,TOTITLE3,,Ke Cast Lucu,,,,
Font Test,FONTES,,Tes Fon,,,,
Morale Test,MORATE,"Attempt to plagiarize Revenant100’s Revenant problem GZDoom way.

https://www.doomworld.com/forum/topic/98433-the-revenant-problem-a-philosophical-doom-2-map/
The map itself is CC4.0-BY according to its WADINFO / Text lump",Tes Moral,,,,
Dodgy Teleporter,DODTEL,,Dodgy Teleporter,,,,
Oh no! Cyberdemon!,DODCYB,,Oh tidak! Cyberdemon!,,,,
Yess! Shotgun guy!,DODSAR,,Yess! Zombie shotgun!,,,,
Machinima Test,T_SCTTG,,Tes Machinima,,,,
Abnormal Zombies,T_CUZOM,"inkoalawetrust customizable zombies

https://zdoom.org/wiki/Using_user_variables_in_ZScript",Zombie Abnormal,,,,
Press who detonated first,SELDUAR,,Pencet siapa yang duar duluan,,,,
Rapid Fire Shotgun guy,T_RSPAWN,,Tuan Shotgun Rapid Fire,,,,
Somewhere in desert,T_CA_OUT,,Gurun entah dimana,,,,
Entered the cave,T_CA_IN,,Masuk ke goa,,,,
Enjay’s Breakable Glass,T_NJ_BGL,,Kaca Pecah Belah Enjay,,,,
Weapons Resource WAD,WRWDEMO,,WAD Paket Senjata,,,,
Monsters Resource WAD,MRWDEMO,,WAD Paket Monster,,,,
Map in subfolder,LOADFOL,,Map di subfolder,,,,
Predictors Sorting Center,ORAKEL,"Secret level for Mboh Adventure.
Test enemy Ambush flag. Mazes of package crates to be sent out somewhere
Either in time of future, or other universes.

Activate by finding the detour data somewhere in a map. Once found,
The GPS destination will be changed to this location.",Pusat Penyortiran Para Peramal,,,,
,,,,,,,
,,,,,,,
,,,,,,,
,,,,,,,
,,,,,,,
,,,,,,,
,,,,,,,
,,,,,,,
,,,,,,,
,,,,,,,
,,,,,,,
,,,,,,,
,,,,,,,
SMMU Test map,SMMUTEST,,Map Tes SMMU,,,,
Strife Dialog Tutorial,CHBZSD,,Tutorial Dialog Strife,,,,
,,,,,,,
,,,,,,,
Generic Test,_GENERIC_TEST,"Map file named `TEST` that’s it. Either it’s Kinsie’s Tester, or somebody.",Tes Generik,,,,
Placeholder,NOYET,,,,,,
,,,,,,,
,,,,,,,
,,,,,,,
,,,,,,,
,,,,,,,
,,,,,,,
,,,,,,,
,,,,,,,
,,,,,,,
,,,,,,,
,,EPISODE NAMES,,,,,
Mboh Adventure,MBOHADV,Megawad,,,,,
Tower of Slaughterion,OIIATOWER,Ala ZZZ Battle Tower with W&W – OIIA song. 10 waves of enemies. Chosen skill affects how difficult the enemy sets are,Menara Slaughterion,,,,
Legacy of Feathers,FEATHEREP,Multiplayer Deathmatch maps,Tradisi Kukuruyuk,,,,
Lah Mboh?,MBOHEP,,,,,,
,,,,,,,
,,,,,,,
,,,,,,,
,,,,,,,
,,,,,,,
,,,,,,,
,,,,,,,
,,,,,,,
,,,,,,,
,,,,,,,
,,,,,,,
,,,,,,,
,,,,,,,
,,,,,,,
,,,,,,,
,,,,,,,
,,,,,,,
,,,,,,,
,,,,,,,
,,,,,,,
,,CAST NAMES,,,,,
Uzi guy,CC_FUNNYZOMBIE,,Orang Uzi,,,,
Fart shotgun,CC_FUNNYFARTGUN,,Shotgun kentut,,,,
,,,,,,,
,,,,,,,
,,,,,,,
,,,,,,,
,,,,,,,
,,,,,,,
,,,,,,,
,,,,,,,
,,,,,,,
,,,,,,,
,,,,,,,
,,,,,,,
,,,,,,,
,,,,,,,
,,,,,,,
,,,,,,,
,,,,,,,
,,,,,,,
,,,,,,,
,,,,,,,
,,,,,,,
,,,,,,,
,,,,,,,
,,,,,,,
,,,,,,,
,,,,,,,
,,,,,,,
,,,,,,,
,,,,,,,
,,,,,,,
,,,,,,,
,,,,,,,
,,,,,,,
,,,,,,,
,,,,,,,
,,,,,,,
,,,,,,,
,,,,,,,
,,,,,,,
,,,,,,,
,,,,,,,
,,,,,,,
,,,,,,,
,,,,,,,
,,,,,,,
,,,,,,,
,,,,,,,
,,,,,,,
,,,,,,,
,,,,,,,
,,,,,,,
,,,,,,,
,,,,,,,
,,,,,,,
,,,,,,,
,,,,,,,
,,,,,,,
,,,,,,,
,,,,,,,
,,,,,,,
,,,,,,,
,,,,,,,
,,ITEMS,,,,,
Picked up ammo.,PICKAMMOAN,,Dapat amunisi.,,,,
Picked up AK ammo.,PICKAMMOAK,,Dapat amunisi AK.,,,,
Picked up rocket.,PICKROCKET,,Dapat roket.,,,,
Picked up Box of AK ammo,PICKBOXAK,,Dapat sekotak amunisi AK.,,,,
Picked up box of ammo.,PICKAMMOBOX,,Dapat sekotak amunisi.,,,,
Picked up a health pack.,PICKHEALTHPACK,,Dapat sekotak obat.,,,,
Picked up a vitality bonus.,PICKVITALITYBONUS,,Dapat bonus vitalitas.,,,,
,,,,,,,
,,,,,,,
,,,,,,,
,,,,,,,
,,,,,,,
,,,,,,,
,,,,,,,
,,,,,,,
,,,,,,,
,,,,,,,
,,,,,,,
,,,,,,,
,,Matacrat Save Disk,,,,,
,,ACS,,,,,
\c[sp_Chlorine]just hit a Checkpoint!,sp_CheckHit,,\c[sp_Chlorine]telah meraih Checkpoint!,,,,
\c[sp_Chlorine]Waiting to warp...,sp_CheckWait,,\c[sp_Chlorine]Bersiap teleportasi...,,,,
\c[sp_Chlorine]Hold the Zoom Key to cancel.,sp_CheckWaitZoom,,\c[sp_Chlorine]Tahan tombol Zoom untuk batal.,,,,
,,Decorate,,,,,
\c[sp_Chlorine]You've reached a Checkpoint.,sp_CheckHitYou,,\c[sp_Chlorine]Anda telah meraih Checkpoint.,,,,
,,,,,,,
,,,,,,,
,,,,,,,
,,,,,,,
,,,,,,,
,,,,,,,
,,,,,,,
,,,,,,,
,,,,,,,
,,,,,,,
,,,,,,,
,,,,,,,
,,,,,,,
,,Realm 667 Disguise Extra Keys,,,,,
,,Pickup,,,,,
Picked up a green keycard.,VDK_GOTGREENCARD,,,,,,
Picked up an orange keycard.,VDK_GOTORANGECARD,,,,,,
Picked up a silver keycard.,VDK_GOTSILVERCARD,,,,,,
Picked up a pink keycard.,VDK_GOTPINKCARD,,,,,,
Picked up a brown keycard.,VDK_GOTBROWNCARD,,,,,,
Picked up a black keycard.,VDK_GOTBLACKCARD,,,,,,
Picked up a green skull key.,VDK_GOTGREENSKULL,,,,,,
Picked up an orange skull key.,VDK_GOTORANGESKULL,,,,,,
Picked up a silver skull key.,VDK_GOTSILVERSKULL,,,,,,
Picked up a pink skull key.,VDK_GOTPINKSKULL,,,,,,
Picked up a brown skull key.,VDK_GOTBROWNSKULL,,,,,,
Picked up a black skull key.,VDK_GOTBLACKSKULL,,,,,,
,,,,,,,
,,,,,,,
,,,,,,,
,,,,,,,
,,,,,,,
,,,,,,,
,,,,,,,
,,,,,,,
,,,,,,,
,,,,,,,
,,,,,,,
,,,,,,,
,,,,,,,
,,,,,,,
,,,,,,,
,,,,,,,
,,,,,,,
,,,,,,,
,,,,,,,
,,,,,,,
,,,,,,,
,,,,,,,
,,,,,,,
,,,,,,,
,,,,,,,
,,,,,,,
,,,,,,,
,,,,,,,
,,,,,,,
,,,,,,,
,,,,,,,
,,,,,,,
,,,,,,,
,,,,,,,
,,,,,,,
,,,,,,,
,,,,,,,
,,,,,,,
,,,,,,,
,,,,,,,
,,ENTITY,,,,,
%s class does not have a valid spawn states. Reverting to default dummy model.,JEKYLLSPAWNINVALID,,Class %s tidak memiliki spawn state yg valid. Mengembalikan ke model dummy asal,,,,
%s is not a valid class name. Reverting to default dummy model.,JEKYLLNAMEINVALID,,%s bukan merupakan nama class yg valid. Mengembalikan ke model dummy asal.,,,,
%s is not a monster class name. Reverting to default dummy model.,JEKYLLNOTMONSTER,,%s bukan sebuah nama class monster. Mengembalikan ke model dummy asal.,,,,
received,JEKYLLRECEIVED,,menerima,,,,
damage,JEKYLLDAMAGE,,,,,,
from,JEKYLLFROM,,dari,,,,
source,JEKYLLSOURCE,,sumber,,,,
Target Dummy,JEKYLLTARGETDUMMY,,,,,,
\c[Green]%s received \c[Red]%d damage\c[Green] from \c[Cyan]%s\c[Green] (source: \c[Cyan]%s\c[Green])%s,JEKYLLDUMMYDAM,,\c[Green]%s menerima \c[Red]%d damage\c[Green] dari \c[Cyan]%s\c[Green] (sumber: \c[Cyan]%s\c[Green])%s,,,,
 \c[Red]and died,JEKYLLDUMMYDIED,, \c[Red]dan mati,,,,
,,,,,,,
,,,,,,,
,,,,,,,
,,,,,,,
,,,,,,,
,,DAMAGE,,,,,
%o has been Changed.,LATEXGOODEATH,,%o telah Berubah,,,,
%o has turned into an Ethereal.,ETHEREALIZEDDEATH,,%o telah berubah jadi Ethereal,,,,
%o was shot down by %k's Colt-1911.,COLTDEATH,Tyler-J’s template gun,%o telah tertembak mati oleh Colt-1911-nya %k.,,,,
%o got blasted by %k!,ROCKETZDEATH,,%o kena roketnya %k!,,,,
%o was shot down by %k's AK47.,AKDEATH,,%o telah tertembak mati oleh AK-47-nya %k.,,,,
%o was smited by an elite Cacodemon,ELITECACODTH,"Configurable Decorate

https://zdoom.org/wiki/Making_configurable_actors_in_DECORATE",%o telah dibumihanguskan oleh seekor Cacodemon elit,,,,
%o became an elite Cacodemon's snack !,ELITECACOATE,,%o telah dijadikan cemilan Cacodemon elit !,,,,
,,,,,,,
,,,,,,,
%o was F.U.C.T. by %k's LAZAH!!!!,ALANDO_LAZDETH,,%o telah di-M.A.K.N.Y.U.S.-in sama LAZAHnya %k!!!!,,,,
,,,,,,,
,,,,,,,
,,,,,,,
,,,,,,,
,,,,,,,
,,,,,,,
,,,,,,,
,,,,,,,
,,,,,,,
,,,,,,,
,,,,,,,
,,,,,,,
,,,,,,,
,,,,,,,
,,,,,,,
,,,,,,,
,,,,,,,
,,,,,,,
,,,,,,,
,,,,,,,
,,,,,,,
,,,,,,,
,,,,,,,
,,,,,,,
,,,,,,,
,,,,,,,
,,,,,,,
,,,,,,,
,,,,,,,
,,,,,,,
,,,,,,,
,,,,,,,
,,,,,,,
,,,,,,,
,,,,,,,
,,,,,,,
,,,,,,,
,,,,,,,
,,,,,,,
,,ENTER TEXT,,,,,
"As you’ve pressed End Secret, 
you suddenly got teleported to another level.
You just saw the title: Kaorfa’s Hideout.

You can’t believe what you just went into. 
And perhaps, this might only be just one of them.",ENTERKRFHIDE,When you enter Kaorfa’s hideout,"Saat Anda menekan End Secret, 
seketika itu juga Anda diteleportasi ke suatu level yang lain.
Anda barusan melihat judulnya: Persembunyian Kaorfa.

Anda tidak dapat mempercayai tempat yang barusan Anda injakan. 
Dan mungkin, ini hanyalah salah satu dari sekian banyak.",,,,
"You’ve entered a bonus level!

This one, just run straight ahead, & ignore the enemies.
All you have to do is to quickly go to EXIT & press it.

Or if you can’t run, you can guess the teleporter down there.",ENTERTIRING,"Hideous Destructor guys keeps tiring.
This is what you get when you ask for realistic Doom.","Anda telah memasuki level bonus!

Level ini, Anda hanya perlu lari lurus kedepan, & abaikan semua musuh.
Yang Anda perlu lakukan hanyalah segera lari ke EXIT & menekannya.

Atau apabila tidak bisa, Anda dapat menebak teleporter yang ada dibawah.",,,,
"Hello,
I’m Choral Bae",ENTERCHOR,test choral bae enter,"Halo,
Saya Choral Bae",,,,
"You people expressed hate towards me for absolute nought.
Then expected me to respect that wish?!

How poppycocks. You wish for me to no longer admire your magnificent
Masterpiece once and for all?

Then so be it.
Henceforth, Shall I cease my duty of protection for you, against any disasters that may come.
Including Mass Protests.

You requested for it.",HATEDFATE,"Controversial self thought from Kaorfa, not Caliborn this time. It happened very often to him.","Kalian semua menaruh kebencian terhadap saya tanpa alasan.
Lalu ingin saya menghormati permintaan tersebut?

Sangat tidak masuk akal. Kalian tidak ingin saya mengagumi
Karya seni terbaik kalian?

Baiklah jika demikian.
Mulai saat ini, Akan saya bebastugaskan wewenang perlindungan bagi kalian,
Dari berbagi bencana yang mungkin akan datang.
Termasuk, Protes Masal.

Kalian yang meminta demikian.",,,,
"You have been died.

And unfortunately, a corrupt angel in Heaven was
friend with our enemies & found that:

you freeloaded every single editions of DOOM down to DOOM I + II
& their latest modern franchise releases.
Despite all, have been long discontinued on all digital stores,
not to mention physical distributions. Both new stock & used.

Hence you’re thrown to a hell, where freeloaders eternally suffers.",ENTERFREELD,,"Anda telah meninggal.

Dan sayangnya, seorang malaikat korup sedang
bersengkokol dengan musuh kita & menemukan bahwa:

Anda membajak setiap edisi DOOM hingga bahkan DOOM I + II
& semua rilis modern franchise tersebut.
Walaupun semuanya, telah lama didiskontinyu di semua toko digital,
apalagi distribusi fisik. Baik stok baru & bekas.

Sehingga Anda harus dijerumuskan ke neraka, dimana semua
tukang bajak tersiksa abadi.",,,,
"You have been assassinated.

Once again, that corrupt angel had another evil friend,
Which sent his other friend to assassinate you in sleep for:

Criticizing the state of Classic DOOM rabbithole, that
as of late, you expressed concern regarding numbers of
Slaughterions coming up recently.

As usual, those people in the forum do not lightly takes it.

And so here you are. Now you are forced to beat a
Slaughterion, without flee-away DNB always provide.",ENTERSLTSULT,,"Anda telah ditembak mati.

Sekali lagi, si malaikat korup itu punya teman jahat lain lagi,
yang telah mengirim temannya yg lain utk menembak mati Anda
pas tidur dengan alasan:

Mengkritisi kondisi rabbithole DOOM Klasik terkini, bahwa
saat ini, Anda mengekspresikan isu mengenai jumlah
Slaughterion yang sudah sangat marak saat ini.

Seperti biasa, orang2 di forum tersebut merasa sangat tersinggung.

Dan disinilah Anda. Sekarang dipaksa menyelesaikan
Slaughterion ini, tanpa opsi kabur seperti yg DNB selalu sediakan.",,,,
,,,,,,,
,,,,,,,
,,EXIT TEXT,,,,,
"You’ve collected alot of stuff Kaorfa had placed.
You are satisfied, exited the place, & come back to Hub.

You are very confused, whether this action justified or not,
Considering that all these were Kaorfa’s longsince artifacts.

Is this right, to take someone’s item who already passed away 
hundreds of years ago?
But it’s Joel’s! He is very kind! And these are just
Instances out of already defined by Perkedel, id, Fraggle, & many!
The rest of employees could just 3D print them again right?",EXITKRFHIDE,"After you end level on Kaorfa’s hideout

Don’t sad, okay you can. Idk if I could live that long anyway, if I did, will change that.
Yeah, if I still live by 2100s, I gotta change that.","Anda telah mengoleksi banyak sekali barang yang Kaorfa tinggalkan.
Anda telah puas, meninggalkan tempat itu, & kembali ke Markas.

Anda menjadi sangat bingung, apakah tindakan ini dibenarkan atau tidak.
Mengingat barang2 ini adalah penginggalan artefak almarhum sejak lama.

Apakah boleh saya mengambil item seseorang yang telah almarhum
ratusan tahun yg lalu?
Tapi kan, ini milik Joel! Dia kan orangnya baik! Dan barang2 ini hanyalah
Instance2 yang telah didefinisikan oleh Perkedel, id, Fraggle, & kawan2!
Paling, karyawan yg masih hidup bisa aja 3D print ini ulang, ya kan?",,,,
"Despite you’ve faced the Painful Facts, the journey is far from over.
As the wanted intel was found during the autopsy, you are excited.
Eager, to keep on going until it’s done.

Up next, Daustaung City.",EXITMBHE1,You finished MBH09 & going to enter MBH10,"Walaupun Anda telah menghadapi Fakta Menyakitkan,
Perjalananmu jauh dari kata selesai.
Sesaat  setelah sebuah intel yg dicari2 akhirnya ditemukan saat otopsi
Anda pun kegirangan.
Bergegas, untuk melanjutkan sampai ini tuntas

Selanjutnya, Kota Daustaung.",,,,
"After facing the scariest system fault, you were lucky.
As well as not losing the Key intel that leads you to the core of it.

Up next, Technoland",EXITMBHE2,You finished MBH19 & going to enter MBH20,"Setelah menghadapi galat sistem yg mendebarkan, Anda pun beruntung.
Tak luput juga bahwa intel Kunci yang membawa 
Anda ke inti tersebut tidak hilang.

Selanjutnya, Technoland",,,,
"At last, after centuries long,
The Entitlement

Wait a second..",EXITMBHBOSS,"You’ve just defeated the boss at MBH30. But then there is a plot twist.
The boss brain is of course not them (singular). It was a decoy","Akhirnya, setelah sekian abad lamanya,
Sang Keberkuasaan

Loh bentar..",,,,
"Congratulations! This is the end of this bonus level.

Did your heart organ explodos? Please don’t, coz you still need it
To defend our realms against Invaders.",EXITTIRING,You did it! Did your heart explodos?,"Selamat! Ini adalah akhir dari level bonus ini.

Apakah jantung Anda mbeledos? Tolong jangan dulu, karena Anda masih perlu
Untuk melindungi dunia kita dari serangan para Invaders.",,,,
"Goodbye,
Choral Bae signing out!",EXITCHOR,test choral bae exit,"Da dah,
Choral Bae pamit undur diri!",,,,
"Without hesitations, you stepped out off the hell,
leaving the poor soul now the lord, behind.

You didn’t know get to know who he was, 
what’s his name,
his life,
etc. etc. Etc.

But one thing for sure:
The lord made it easy 
to get you gamers out,
Despite himself can’t at all.

A real sacrificial nobleness, 
Even by death, and no regret.",EXITFREELD,,"Tanpa basa-basi, Andapun keluar dari neraka,
meninggalkan jiwa malang itu sekarang pemilik, dibelakang.

Anda bahkan tidak mengetahui siapa itu dia,
namanya, 
kehidupannya, 
dan sebagainya.

Tapi satu hal yang pasti:
Pemilik itu sengaja buat kalian para 
gamers keluar dengan mudanya,
Walaupun ia sendiri tidak bisa sama sekali.

Benar2 pengorbanan sangat mulia, 
bahkan lewat dari kematian, tanpa penyesalan",,,,
"That’s all for today!
Bye for now..",ENDBRAINIAC78,Brainiac78 style of end video,"Itu saja hari ini!
Sampai jumpa nanti..",,,,
"Unexpectedly, you were once again reign victory.

Even tho you were thrown to hell, there’s always souls out there
Who still ready as always to help you, even themselves can’t anymore.",EXITSLTSULT,,"Sungguh tak terduga, Anda sekali lagi menang.

Bahkan disaat Anda terjerumus, akan selalu ada jiwa disana
Yang siap selalu utk menolong, walaupun tidak dapat untuk
diri mereka sendiri.",,,,
,,,,,,,
,,,,,,,
,,,,,,,
,,,,,,,
,,,,,,,
,,,,,,,
,,,,,,,
,,,,,,,
,,,,,,,
,,,,,,,
,,,,,,,
,,,,,,,
,,,,,,,
,,,,,,,
,,,,,,,
,,,,,,,
,,,,,,,
,,,,,,,
,,,,,,,
,,,,,,,
,,,,,,,
,,,,,,,
,,,,,,,
,,,,,,,
,,,,,,,
,,,,,,,
,,,,,,,
,,,,,,,
,,,,,,,
,,DIALOG,,,,,
Welcome home,WELCOMEHOME,Greeting sensor,Selamat datang kembali,,,,
You've gone goofed up boy/gal/buddy!,WERRORVMABORT,,Matang lu nak!,,,,
"\c[fire]Okay. Now please get out of the console to commence the crash,\nor delete this actor immediately to cancel.",MANUALWERRORSPAWNED,,"\c[fire]Baik. Sekarang keluar dari konsol ini untuk melakasakan crash, atau hapus actor ini segera untuk batal.",,,,
\c[brick]Crash Confirmed. Now crashing GZDoom softly...,MANUALWERRORCOMMENCE,,"\c[brick]Galat Terkonfirmasi, Kini menggalatkan GZDoom scr halus...",,,,
,,,,,,,
"Hello, what can I do for you?",WHATCANIDO,,"Halo, ada yang bisa saya bantu?",,,,
I need everything!,CHOICE_NEEDALL,,Saya butuh semuanya!,,,,
I need healing!,CHOICE_NEEDHEAL,,Saya butuh healing!,,,,
I need Energy / Berserk!,CHOICE_NEEDBERSERK,,Saya butuh Energi / Berserk!,,,,
I need all powerups!,CHOICE_NEEDPOWERUP,,Saya butuh semua powerup!,,,,
Here's all the ammenities,RESPONSE_NEEDALL,,"Baik, ini semuanya.",,,,
Here's your MegaSphere.,RESPONSE_NEEDHEAL,,"Baik, ini Megasphere Anda.",,,,
Here's your Berserk.,RESPONSE_NEEDBERSERK,,"Baik, ini Berserk Anda.",,,,
Here's all the powerups,RESPONSE_NEEDPOWERUP,,"Baik, ini semua Powerup Anda.",,,,
Welcome to DNB House of Talent!,WELCOMETODNBTALENT,,Selamat datang di Rumah Talent DNB!,,,,
,,,,,,,
,,,,,,,
,,,,,,,
,,,,,,,
,,,,,,,
,,,,,,,
(Explain situations),CHOICE_EXPLAIN,generic choice to answer explain full story of what happened.,(Jelaskan situasi),,,,
Yup,CHOICE_YUP,,,,,,
Nope,CHOICE_NOPE,,Nggak,,,,
Wait what?!,CHOICE_WAITWHAT,,Hah apa?!,,,,
Uhm...,CHOICE_UHM,,Ehm...,,,,
...,CHOICE_DOTS,,,,,,
Okay,CHOICE_OKAY,,Oke,,,,
Okay cool,CHOICE_OKAYCOOL,,Oke boleh,,,,
Impressive!,CHOICE_IMPRESSIVE,,Menakjubkan!,,,,
Nvm.,CHOICE_NVM,,Gak jadi.,,,,
,,,,,,,
,,,,,,,
,,,,,,,
,,,,,,,
,,,,,,,
,,,,,,,
,,,,,,,
"Hello! Welcome to the hell!
Oh, don’t worry about the zombies. I own this place now.
Come, right this way.",FLD_WELCOME,,"Halo! Selamat datang di neraka!
Oh, jangan khawatir dgn zombie2 itu. Ini tempatku sekarang.
Silahkan, lewat sini.",,,,
"So tell me.
How did you ended up in here?",FLD_HOWDIDHELL,,"Jadi gimana.
Kok kamu bisa disini?",,,,
"Ah, I see..",FLD_RECEIVEDSITUATIONS,,"Oh, begitu..",,,,
"Well, I dislike hiding my own situations just because for time,
so I’m gonna tell you now:
I took my former leader’s place. Don’t worry, my relationship with leader good..
Yeah uh.. He’s doing Robin Hood, for the people.
Of course, those... people upsets, including the demon whose been friend with.
So I helped my leader one last time.
My first & last sacrifice. Separated from my leader forever haha!... ha..",FLD_EXPLAINSELF,,"Ya, gw sih gk mau nyembunyiin gw kenapa cuman buat saatnya,
Jadi gw mau kasih tahu lu skrng:
Gw menggantikan tempat bos gw yg seharusnya. Gpp, hubungan gw ama bos baik kok.
Jadi uh.. ia telah melakukan sebuah Si Pitung, buat rakyat.
Tentu saja, orang.... itu kesel, termasuk iblis itu yg udah lama bersengkokol dgn mrk.
Jadi saya ambil cara buat bantu si bos ini sekali lagi.
Pengorbanan pertama & terakhirku. Terpisah dari bos gw selamanya haha!.... ha..",,,,
"You can say that it’s similar.
Only... a larger scale, & more political.",FLD_EXPLAINCONTINUE,,"Bisa dibilang sih mirip.
Hanya saja... berskala besar, & lebih politik.",,,,
"I trust you could read my full mind,
I know you’re from DNB right?
Hence have Dasandimian power of such.",FLD_READMIND,,"Sepertinya, harusnya kau bisa baca pikiran full gw,
Dari DNB kan?
Mestinya punya kekuatan Dasandimian itu.",,,,
"Uh anyway..,
I have something to show you.
Right this way.",FLD_ANYWAYS,,"Eh anyway..,
Gw ada sesuatu yg lu musti lihat.
Lewat sini.",,,,
"Don’t worry about these zombies.
I froze them up & turned them to shooting dummy.
You know, for training. Coz they come up often.
& they’re always aggresive.",FLD_POOLZOMBIES,,"Jangan khawatir dengan zombie2 itu.
Aku sudah membekukan mereka & menjadikannya
dummy lapangan tembak.
Ya, buat latihan. Krn mereka terus datang,
& mereka selalu agresif",,,,
"So, about the DOOM.
You know, you could’ve just buy the used discs from pawn shop right?
Nah, bullshit, ikr? Scalpers like to profit 
off of the dead horse you see?",FLD_FREELOADING,,"Jadi, soal DOOM.
Lu bisa aja sih, beli bekasnya dari pasar loak ya kan?
Alah, hoaks tuh, iya gk sih? Para penimbun memang suka nyari profit
dari mayat busuk sekalipun ya dong?",,,,
"Right, here it is.
Here’s the Yellow Key. Go ahead, pick this up,
& try open that door.",FLD_ARRIVETELE,,"Okeh, disini.
Ini Kunci Kuning. Silahkan diambil,
& coba buka pintu itu.",,,,
"I knew that worked!
I did that too!!
Once this tube opens, and yeah.",FLD_ENTEREXCLUSIVE,,"Tuh kan bisa!
Gw udah coba yg sama!!
Pernah sekali tabung ini kebuka, dan yah!",,,,
"GO!, Get out from here!
I don’t want to see you suffer!
Get a new life! While you still allowed to!

I can only stay tho, But hence so I’ll guard this place.
Pray for me, so Jesus picks me up when He comes back!

Quick! Tomorrow new mortals coming!
Who knows they’re another freeloader which are more aggressive than before.

It’s okay! I’ll hold them off until He’s back! I swear, can’t walk into the tube!",FLD_GETOUT,,"CEPAT!, Keluar dari sini!
Gw gk mau lu menderita!
Ambil kehidupan baru! Selama lu masih boleh!

Aku ngestuck disini sih, Tapi bakal kujaga tempat ini.
Doakan gw, biar Yesus ambil gw pas Dia balik!

Cepat! Besok orang mati baru akan datang!
Siapa tahu mereka pembajak yg lain yg lebih agresif dari sblmnya.

Gpp! Gw tahan mereka sampai Ia balik! Gw beneran, gk bisa masuk tabung itu!",,,,
,,,,,,,
,,,,,,,
,,,,,,,
,,,,,,,
,,,,,,,
,,,,,,,
,,,,,,,
,,,,,,,
,,,,,,,
,,,,,,,
,,,,,,,
,,,,,,,
,,,,,,,
"Hey! I can teleport really fast!
Wanna see me do it?",TL_WELCOME,,"Hey! Aku bisa teleport kilat!
Mau coba lihat?",,,,
"So, What do you think?",TL_FINISHED,,"Jadi, gimana menurutmu?",,,,
Yippie! Thank you so much!,TL_RESPONSEGOOD,,Yippie! Makasih ya!,,,,
,,,,,,,
,,,,,,,
,,,,,,,
,,,,,,,
,,,,,,,
,,,,,,,
,,,,,,,
,,,,,,,
,,,,,,,
,,,,,,,
,,,,,,,
,,,,,,,
,,,,,,,
,,,,,,,
,,,,,,,
,,,,,,,
,,,,,,,
WIPEOUT,ZZZ_WIPEOUT,All enemies have died,,,,,
SIGNAL LOST,ZZZ_SIGNALLOST,All of you died (All Players died),,,,,
,,,,,,,
,,,,,,,
,,,,,,,
,,,,,,,
,,,,,,,
,,,,,,,
,,,,,,,
It’s time to choose:,MORALE_WELCOME,,Waktunya memilih:,,,,
You chose left lane. Contemplate your decision.,MORALE_LEFT,,Anda memilih ke kiri. Renungkan keputusan Anda.,,,,
You chose right lane. Contemplate your decision.,MORALE_RIGHT,,Anda memilih ke kanan. Renungkan keputusan Anda.,,,,
Change lane to left,MORALE_CHANGEL,,Ubah jalur ke kiri,,,,
Change lane to right,MORALE_CHANGER,,Ubah jalur ke kanan,,,,
You chose do nothing. Contemplate your inaction.,MORALE_LEFTO,,Anda memilih biarkan. Renungkan tindakan Anda.,,,,
You switched the lane. Contemplate your action.,MORALE_RIGHTO,,Anda memilih ganti. Renungkan tindakan Anda.,,,,
,,,,,,,
,,,,,,,
"Okay, you did it!
Get inside, & the Yellow key’s behind the vane wall.",REDCARPET_DONE,,"Okeh, berhasil!
Sekarang masuk, & kunci kuning ada dibelakang tembok perhiasan.",,,,
"Now finally, ......
Wait, this.. isn’t part of the plan..
Worry not, the owner likes to suddenly change things.
So uh, I trust you can figure this one out easily.",REDCARPET_YELLOWKEY,,"Nah sekarang, .......
Bentar, ini.. bukan bagian planning...
Jgn khawatir, ownernya suka ngubah rumah ini mendadak.
Jadi, harusnya kamu bisa langsung sih.",,,,
OOOOOOOOOOOOOOOOOH!!!!! SH8888888!!!!!,REDCARPET_TERRYWAD,,OOOOOOOOOOOOOOOOOOH!!! ANJ8888888!!!,,,,
,,,,,,,
,,,,,,,
,,,,,,,
,,,,,,,
,,,,,,,
,,,,,,,
,,,,,,,
,,,,,,,
,,,,,,,
,,,,,,,
,,,,,,,
"Careful, this teleporter is dodgy.
Great luck!",DODGY_WELCOME,,"Hati-hati! Teleporter ini ngaco
Berhasil-lah!",,,,
,,,,,,,
,,,,,,,
,,,,,,,
,,,,,,,
Santa Coming to Town,SCTTG_WELCOME,,,,,,
"You better watch out,",SCTTG_BWOUT,,,,,,
"You better not cry!,",SCTTG_BNOTCRY,,,,,,
"You better not pout,",SCTTG_BNOTPOUT,,,,,,
I’m telling you why:,SCTTG_TELLWHY,,,,,,
"Santa Claus is comin’, to town!..",SCTTG_COMETOWN,,,,,,
"Ou, yeaa!",SCTTG_OUOH,,,,,,
Iiiiiiiii’m tellin’ you why:,SCTTG_TELLWHY2,,,,,,
He’s making a list,SCTTG_MAKELIST,,,,,,
Checking it twice,SCTTG_CHECKTWICE,,,,,,
"Heeee find out 
Who naughty or nice:",SCTTG_FINDOUT,,,,,,
He sees when you asleep,SCTTG_SEESLEEP,,,,,,
Knows when you awake,SCTTG_KNOWWAKE,,,,,,
he know you been good or bad,SCTTG_KNOWNAUGHT,,,,,,
So be good for goodness sake,SCTTG_BEGOOD,,,,,,
"YEAAAAAAAAAAAAAAAAA,, Hah Yea",SCTTG_YEAA,,,,,,
better no craayayayay.. coz,SCTTG_BWOUT2,,,,,,
The kids in girl & boyland,SCTTG_LAND,,,,,,
will have a jubilee,SCTTG_JUBILEE,,,,,,
They’re gonna build a toyland,SCTTG_TOYLAND,,,,,,
all around christmas tree,SCTTG_XMASTREE,,,,,,
"YEAAAAAAAAAAA, HAAH, HAAA..",SCTTG_YEAB,,,,,,
,,,,,,,
,,,,,,,
,,,,,,,
,,,,,,,
,,,,,,,
"Congratulations! You have completed your training.
I shall bestow you the deserved key as the reward.",DOJO_FLYING_DONED,,"Selamat! Anda telah menyelesaikan latihan Anda.
Saya akan memberikan kunci yg pantas Anda dapatkan sebagai hadiah.",,,,
,,,,,,,
,,,,,,,
,,,,,,,
,,,,,,,
,,,,,,,
,,,,,,,
,,,,,,,
"Welcome to dilemma game. It’s time to choose.
In 90 seconds, either of you must press the button against the window,
Of your opponents. Once pressed, no option change.

If either of you got it first, the later will be detonated.
And if neither of you presses, both of you will be detonated.",SLD_WELCOME,,"Selamat datang di permaninan dilema. Waktunya memilih.
Dalam 90 detik, salah satu dari kalian harus menekan tombol berhadapan jendela,
Ke lawan kalian. Setelah ditekan, tidak bisa berubah lagi.

Jika salah satu menekan duluan, yang telat diledakan.
Dan jika tak satupun menekan, dua2nya akan diledakan.",,,,
Good luck!,SLD_START,,Semoga berhasil.,,,,
"Neither of you pressed.
So long to your lives.",SLD_NEITHER,,"Tak satupun menekan.
Sampai jumpa nyawa kalian.",,,,
It’s ,SLD_PRESSED,,Bahwa ,,,,
Left (Red),SLD_LEFT,,Kiri (Merah),,,,
Right (Blue),SLD_RIGHT,,Kanan (Biru),,,,
 who pressed!,SLD_WHOPRESS,, lah yang menekan!,,,,
"Time’s up.
So, what’s the result?",SLD_TIMEOUT,,"Waktu habis.
Jadi, apa hasilnya?",,,,
"Huh, my system somehow broken here.
You already understand that I do not tolerate cheating?
I don’t care even that’s none of your fault.",SLD_INVALID,,"Huh, sistemku rusak nih.
Kalian harusnya sudah tahu, bahwa saya tidak mentolerir kecurangan?
Tidak peduli bahkan bukan salah kalian semua.",,,,
Contemplate your decisions.,SLD_END,,Renungkan keputusan kalian.,,,,
,,,,,,,
,,,,,,,
,,,,,,,
,,,,,,,
,,,,,,,
,,,,,,,
,,Chubzdoomer Strife Dialog,,,,,
"Hey soldier, how's it going?",TXT_RANDOM_GENERICGUARD_01,,"Hey prajurit, gimana keadaanmu?",,,,
"If you see any demons, be sure to let us know.",TXT_RANDOM_GENERICGUARD_02,,"Kalau kamu lihat ada setan, segera lapor kami.",,,,
I've heard bad things about the swamp.  Be careful if you head that way.,TXT_RANDOM_GENERICGUARD_03,,Kudengar ada hal menyeramkan di rawa situ. Hati-hati kalau kamu kesana.,,,,
"If you need guns or ammo, check out the Arms Dealer just outside the base.",TXT_RANDOM_GENERICGUARD_04,,"Jika kamu butuh amunisi, bisa cek Penjual Senjata di luar dekat markas ini.",,,,
The commander seems to be in a better mood than usual.  Let's hope it stays that way.,TXT_RANDOM_GENERICGUARD_05,,Tumben komandan lagi good mood nih dari biasanya. Semoga gitu terus ya.,,,,
My back is getting sore from all this standing around.,TXT_RANDOM_GENERICGUARD_06,,Punggunku pegel nih berdiri terus.,,,,
Grab any coins you find.  You never know when you'll need them.,TXT_RANDOM_GENERICGUARD_07,,Ambillah koin-koin yang kamu temukan. Kau gak akan tahu kapan butuhnya nanti.,,,,
Be careful not to take any damage out there.  Medical supplies are scarce.,TXT_RANDOM_GENERICGUARD_08,,Hati-hati jangan sampai terluka disana. Suplai medis sedang langka nih.,,,,
Sometimes I wish I'd found a different line of work.,TXT_RANDOM_GENERICGUARD_09,,Kadang aku merasa seandainya aku menemukan lowongan kerja yang berbeda nih.,,,,
Rumor has it there's a legendary weapon out there called the BFG.  What could those letters stand for?,TXT_RANDOM_GENERICGUARD_10,,Konon katanya memang ada senjata yang namanya BFG. Kira-kira itu singkatan apa ya?,,,,
Guard,RANDOM_GENERICGUARD_NAME,,Penjaga,,,,
,,Commander Strife Dialog Chubz,,,,,
"Got a job for you, soldier.  A bit of a demon problem.  If you'll agree to help, I'll give you some coins up front so you can buy yourself some gear.",COMMANDER_CHUBZ_BEGIN,,"Ada misi untukmu, prajurit. Sedikit masalah setan. Kalau Anda setuju, aku akan memberikanmu beberapa koin ini untuk kamu beli perlengkapan.",,,,
"A Hell Knight just tore up a bunch of our men down in a cave by the swamp.  Take these coins to the Arms Dealer and gear up, then kill the Hell Knight and return to me for a reward.  I've lowered the gates leading to the swamp.  Best of luck, soldier.",COMMANDER_CHUBZ_HELLKNIGHT,,"Seorang Ksatria Neraka barusan membunuh kawan kami di gua dekat rawa. Bawalah koin-koin ini ke Penjual Senjata, dan lengkapilah dirimu, kemudian habisi Ksatria Neraka itu dan kembalilah untuk mengambil hadianya. Aku sudah membuka gerbang ke rawa. Semoga berhasil, prajurit.",,,,
I'm not telling you anything until you accept my offer.,COMMANDER_CHUBZ_ITSCONFIDENTIAL,,Aku tidak akan memberitahumu sampai Anda menerima tawaran ini.,,,,
Commander,COMMANDER_CHUBZ_NAME,,Komandan,,,,
My men tell me the Hell Knight is dead.  Is it really true!?,COMMANDER_CHUBZ_HKDEFEAT,,Kawananku barusan lapor bahwa Ksatria Neraka itu sudah mati. Apa itu benar?,,,,
"You've done well, soldier!  Take these coins as a reward, and feel free to call this base of ours home.",COMMANDER_CHUBZ_WINCONFIRMED,,"Kau hebat, prajuritku! Ambillah koin-koin ini sebagai hadiah, dan Anda boleh menganggap markas ini sebagai rumah kita..",,,,
You done? Got more missions? Our men can bring you back home.,COMMANDER_CHUBZ_YOUDONE,,Udah selesai? Ada misi lagi? Kawanku bisa antar Anda kerumah.,,,,
"Haha, well then, take a look around! If you need stuffs, don’t hesitate to tell me back!",COMMANDER_CHUBZ_HAVEFUN,,"Haha, baiklah, Silakan main-main disekitar! Kalau Anda butuh apa-apa, jangan sungkan lapor!",,,,
,,,,,,,
,,,,,,,
,,,,,,,
,,,,,,,
,,Sentry Strife Dialog Chubz,,,,,
"Welcome to the base, soldier.  Our commander is just beyond the door at the top of the stairs.",WELCOME_GENERICGUARD,,"Selamat datang di markas, prajurit. Komandan kami sedang berada persis dibalik pintu lantai atas.",,,,
,,,,,,,
,,Proxy Strife Dialog Chubz,,,,,
What kind of demon problem?,PROXY_WHATPROBLEM,,Ada masalah setan apa?,,,,
"Sure, I'll help.",PROXY_IWILLHELP,,"Baik, akan saya bantu.",,,,
What was the offer again?,PROXY_REASKOFFER,,Apa tadi tawarannya?,,,,
,PROXY_NAME,,,,,,
"It's true, I killed it.",PROXY_IKILLEDHK,,"Ya benar, saya yang menghabisinya.",,,,
Let me step away for a minute.,PROXY_STEPAWAY,,Biar saya merenung dulu sebentar.,,,,
I'll think about it.,PROXY_THINKABOUTIT,,Biar saya pikir-pikir dulu.,,,,
"Sure, I'd love to have a chainsaw!",PROXY_WANTCHAINSAW,,"Boleh, saya mau sekali mesin gergaji!",,,,
"Sure, Go ahead.",PROXY_SUREGOAHEAD,,"Boleh, silakan.",,,,
"No problem, It was trivial actually.",PROXY_BRAG,,"Sama-sama, gampang sih sebenarnya.",,,,
,,,,,,,
,,,,,,,
,,NPC Strife dialog Chubz,,,,,
"If you've got coins, I've got guns!",ARMS_DEALER_BEGIN,,"Anda punya koin, saya punya senjata!",,,,
"Sorry, you can't afford that.  Come back when you've got the coin.",ARMS_DEALER_BUYFAIL,,"Maaf, Anda tidak bisa membelinya. Kembalilah jika koin sudah cukup.",,,,
A shotgun it is!,ARMS_DEALER_BUY_SHOTGUN,,Satu Shotgun baiklah!,,,,
"Four shells, coming right up!",ARMS_DEALER_BUY_SHELLS,,"Empat selongsong, ini dia!",,,,
One chaingun for you!,ARMS_DEALER_BUY_CHAINGUN,,Satu Chaingun untuk Anda!,,,,
Ammo clip is yours!,ARMS_DEALER_BUY_CLIP,,Klip Pistol sekarang milik Anda!,,,,
Arms Dealer,ARMS_DEALER_NAME,,Penjual Senjata,,,,
Shady Trader,SHADY_TRADER_NAME,,Pedagang Gelap,,,,
"Come back when you have a pistol, and we can make a special trade!",SHADY_TRADER_NOPISTOL,,"Kembalilah kalau lu udah punya pistol, dan kita bisa buat tawaran spesial!",,,,
How would you like to trade that pistol of yours for a chainsaw?,SHADY_TRADER_HAVEPISTOL,,Gimana kalau lu tukar pistolmu tuh dengan mesin gergaji nih?,,,,
"Yeehaw!  Thanks, man!  I've always wanted a pistol of my own!",SHADY_TRADER_BUY_CHAINSAW,,"Cihuyyy! Makasih, bro! Gue dah pingin banget punya pistol sendiri!",,,,
Hope you're liking the chainsaw.  I love my new pistol.  Thanks for the trade!,SHADY_TRADER_HOPELIKECHAINSAW,,Kuharap kau suka mesin gergajinya. Aku suka pistol baru ini. Makasih udah tukar!,,,,
,,,,,,,
,,,,,,,
,,,,,,,
,,,,,,,
,,,,,,,
,,,,,,,
,,,,,,,
,,,,,,,
,,,,,,,
,,,,,,,
,,,,,,,
,,,,,,,
,,,,,,,
,,,,,,,
,,,,,,,
,,,,,,,
,,,,,,,
,,,,,,,
,,,,,,,
,,,,,,,
,,NAME DIALOG,,,,,
DaNeBeau,NAME_DANEBEAU,,,,,,
Freeloader lord,NAME_FLD,,Master Freeloader,,,,
Teleport Guy,NAME_TELEGUY,,,,,,
Concierge,NAME_DUMMYCONCIERGE,,Resepsionis,,,,
Receptionist,NAME_DUMMYRECEPTIONIST,,Resepsionis,,,,
,,,,,,,
,,,,,,,
,,,,,,,
,,,,,,,
,,,,,,,
,,,,,,,
,,,,,,,
,,,,,,,
,,ENTERED DIALOG,,,,,
"Okay, so..
Just walk these red carpets. The owner kept forgeting
his own path. Don’t worry, he asked our help,
& we’re doing this.",ENTER_REDCARPET,,"Okeh jadi..
Jalan aja karpet merah ini. Pemiliknya lupa terus
jalannya sendiri. Tenang, dia minta tolong kita
& kita melakukannya.",,,,
"Hey! You okay there?! Hoh thancc God!
Argh, dang it! I should've known & hence tell you that:
The Invaders Terry-fies places too!

We must act fast, before they Terry-fy the rest!
Now, go pick up your gears..., it's somewhere, I hope..
No wonder there's no EXIT. We gotta take this place back for him & others!",ENTER_TERRYFYING,,,,,,
,,,,,,,
,,,,,,,
,,,,,,,
"Congratulations! You’ve successfully loaded a Map
In a subfolder. Go Use (%s) any of the walls to return to Hub.",ENTER_LOADFOL,,"Selamat! Anda telah berhasil memuat Map
di sebuah subfolder. Silahkan tekan Use (%s) pada salah satu sisi tembok ini utk kembali ke Hub.",,,,
"Congratulations! You’ve successfully loaded a Map
In a subfolder. Go Use (",ENTER_LOADFOL_1,,"Selamat! Anda telah berhasil memuat Map
di sebuah subfolder. Silahkan tekan Use (",,,,
) any of the walls to return to Hub.,ENTER_LOADFOL_2,,) pada salah satu sisi tembok ini utk kembali ke Hub.,,,,
,,,,,,,
,,,,,,,
,,,,,,,
,,,,,,,
,,,,,,,
Press USE (E) to return to title screen.,ENTER_PRESSTITLE,,Tekan USE (E) untuk kembali ke layar judul.,,,,
Press USE (E) to run end sequence.,ENTER_PRESSSEQ,,Tekan USE (E) untuk menjalankan presentasi ending.,,,,
Press USE (E) to Level Complete,ENTER_PRESSELEV,,Tekan USE (E) untuk Level Selesai,,,,
Press USE (E) to Funny Cast,ENTER_PRESSFCAST,,Tekan USE (E) untuk jalankan Cast Lucu,,,,
Press USE (,ENTER_PRESSCUT,,Tekan USE (,,,,
) to ,ENTER_TODOCUT,,) untuk ,,,,
return to title screen.,ENTER_CTITLE,,kembali ke layar judul.,,,,
run end sequence.,ENTER_CSEQ,,menjalankan presentasi ending.,,,,
Level Complete.,ENTER_CELEV,,Level Selesai.,,,,
run Funny Cast,ENTER_CFCAST,,menjalankan Cast Lucu.,,,,
,,,,,,,
,,,,,,,
,,,,,,,
,,,,,,,
,,,,,,,
,,,,,,,
,,,,,,,
,,,,,,,
,,,,,,,
,,,,,,,
,,,,,,,
,,,,,,,
,,,,,,,
,,,,,,,
,,,,,,,
,,,,,,,
,,,,,,,
,,,,,,,
,,,,,,,
,,,,,,,
"Level not yet exist!
Help us by contributing yours!
https://github.com/Perkedel/Lah-Mboh",ENTER_NOYET,,"Level belum ada!
Silahkan bantu kami dengan kontribusi level Anda!
https://github.com/Perkedel/Lah-Mboh",,,,
,,,,,,,
,,,,,,,
,,,,,,,
,,,,,,,
,,,,,,,
,,,,,,,
,,,,,,,
,,,,,,,
,,,,,,,
,,,,,,,
,,,,,,,
,,,,,,,
,,RANDOM,,,,,
,,Scratchpad for Duke Nukem level of sus,,,,,
Buttgun,FURBFG,BFG9000 Replaced in Korp’s Furdoom,Senapan Kentut,,,,
Goo Gun,FURROCKET,Rocket Launcher Replaced in Korp’s Furdoom,Peluncur Madu,,,,
,FURINCINERATOR,Uh.. what this replace if Furdoom when ID24?,,,,,
,FURCALAMITY,And this too?,,,,,
,,,,,,,
,,,,,,,
,,,,,,,
,,,,,,,
,,,,,,,
,,,,,,,
,,,,,,,
,,,,,,,
,,Game Strings,,,,,
Got the Mysterious Remote... What can I control with this?,BETA_BONUS3_R,"Evil Sceptre pickup, replaced with a random remote arduino",Dapat sebuah Remot Misterius... Mau kendaliin apa ya?,,,,
Got the Suspicious Memory Card... Wonder what does this contain..,BETA_BONUS4_R,Unholy Bible pickup. Replaced with suspicious CF Express card containing suspicious files,Dapat sebuah Kartu Memori Mencurigakan... Apa isinya ya..,,,,
,,,,,,,
,,,,,,,
,,Realm 667 Disguise Extra Keys,,,,,
,,Lock Message,,,,,
You need a green keycard to open this door,VDK_PD_GREENC,,,,,,
You need a green keycard to activate this object,VDK_PD_GREENCO,,,,,,
You need an orange keycard to open this door,VDK_PD_ORANGEC,,,,,,
You need an orange keycard to activate this object,VDK_PD_ORANGECO,,,,,,
You need a silver keycard to open this door,VDK_PD_SILVERC,,,,,,
You need a silver keycard to activate this object,VDK_PD_SILVERCO,,,,,,
You need a pink keycard to open this door,VDK_PD_PINKC,,,,,,
ou need a pink keycard to activate this object,VDK_PD_PINKCO,,,,,,
You need a brown keycard to open this door,VDK_PD_BROWNC,,,,,,
You need a brown keycard to activate this object,VDK_PD_BROWNCO,,,,,,
You need a black keycard to open this door,VDK_PD_BLACKC,,,,,,
You need a black keycard to activate this object,VDK_PD_BLACKCO,,,,,,
You need a green skull key to open this door,VDK_PD_GREENS,,,,,,
You need a green skull key to activate this object,VDK_PD_GREENSO,,,,,,
You need an orange skull key to open this door,VDK_PD_ORANGES,,,,,,
You need an orange skull key to activate this object,VDK_PD_ORANGESO,,,,,,
You need a silver skull key to open this door,VDK_PD_SILVERS,,,,,,
You need a silver skull key to activate this object,VDK_PD_SILVERSO,,,,,,
You need a pink skull key to open this door,VDK_PD_PINKS,,,,,,
You need a pink skull key to activate this object,VDK_PD_PINKSO,,,,,,
You need a brown skull key to open this door,VDK_PD_BROWNS,,,,,,
You need a brown skull key to activate this object,VDK_PD_BROWNSO,,,,,,
You need a black skull key to open this door,VDK_PD_BLACKS,,,,,,
You need a black skull key to activate this object,VDK_PD_BLACKSO,,,,,,
You need a green key to open this door,VDK_PD_GREENK,,,,,,
You need a green key to activate this object,VDK_PD_GREENO,,,,,,
You need an orange key to open this door,VDK_PD_ORANGEK,,,,,,
You need an orange key to activate this object,VDK_PD_ORANGEO,,,,,,
You need a silver key to open this door,VDK_PD_SILVERK,,,,,,
You need a silver key to activate this object,VDK_PD_SILVERO,,,,,,
You need a pink key to open this door,VDK_PD_PINKK,,,,,,
You need a pink key to activate this object,VDK_PD_PINKO,,,,,,
You need a brown key to open this door,VDK_PD_BROWNK,,,,,,
You need a brown key to activate this object,VDK_PD_BROWNO,,,,,,
You need a black key to open this door,VDK_PD_BLACKK,,,,,,
You need a black key to activate this object,VDK_PD_BLACKO,,,,,,
,,,,,,,
,,,,,,,
,,,,,,,
,,,,,,,
,,,,,,,
,,,,,,,
,,Existence Verifier,,,,,
\c[green]FOUND,EXISTENCE_FOUND,,\c[green]DITEMUKAN,,,,
\c[red]NOT FOUND,EXISTENCE_NOTFOUND,,\c[red]TIDAK DITEMUKAN,,,,
DLC Class \c[sapphire]%s\c- is %s,EXISTENCE_SCAN,,Kelas DLC \c[sapphire]%s\c- %s,,,,
"Usage:
\c[sapphire]netevent \c[fire]LMBH\c-:\c[green]isDLCExist\c-:\c[cyan]<Your_DLC_Existence_Class>",EXISTENCE_USAGE,,"Cara penggunaan:
\c[blue]netevent \c[fire]LMBH\c-:\c[green]isDLCExist\c-:\c[cyan]<Kelas_DLC_Existence_Anda>",,,,
\c[blue]TIP\c-: Replace the \c[orange]%s \c-with your DLC Existence Class!,EXISTENCE_TEMPLATEO,,\c[blue]TIP\c-: Ubah \c[orange]%s \c-dengan Kelas DLC Existence Anda!,,,,
"Feel free to implement this to your own mod!
\c[green]https://github.com/Perkedel/Lah-Mboh/blob/main/scripts/ExistenceVerifier/ExistenceVerifier.zs",EXISTENCE_DOWNLOAD,,"Silahkan diimplement ke mod Anda sendiri!  
\c[green]https://github.com/Perkedel/Lah-Mboh/blob/main/scripts/ExistenceVerifier/ExistenceVerifier.zs",,,,
\c[sapphire]You have the following DLCs loaded:,EXISTENCE_TITLELIST,,\c[sapphire]Anda memiliki DLC dimuat sebagai berikut:,,,,
\c[sapphire]Total = \c[gold]%d\c[sapphire] DLCs,EXISTENCE_FINALCOUNT,,\c[sapphire]Total = \c[gold]%d\c[sapphire] DLC,,,,
"\c[dark gray]Hmm, Empty? You did not have any, bruh!",EXISTENCE_EMPTY,,"\c[dark gray]Hmm, Kosong? Anda tidak punya sama sekali, yaelah!",,,,
\c[gold](((((\c[sapphire]EXISTENCE VERIFIER\c[gold]))))),EXISTENCE_TITLENAME,,,,,,
"DLC \c[sapphire]%s
\c[gray]{{\c[blue]%s\c[gray]}}
\c-+-+-+-+-+-+-+-+-+-+-+
%s
\c-+-+-+-+-+-+-+-+-+-+-+",EXISTENCE_EXECUTE,,"DLC \c[sapphire]%s
\c[gray]{{\c[blue]%s\c[gray]}}
\c-+-+-+-+-+-+-+-+-+-+-+
%s
\c-+-+-+-+-+-+-+-+-+-+-+",,,,
,,,,,,,
,,,,,,,
,,,,,,,
,,Cheataron,,,,,
\c[green]FOUND,CHEATARON_FOUND,,\c[green]DITEMUKAN,,,,
\c[red]NOT FOUND,CHEATARON_NOTFOUND,,\c[red]TIDAK DITEMUKAN,,,,
Cheataron Class \c[sapphire]%s\c- is %s,CHEATARON_SCAN,,Kelas Cheataron \c[sapphire]%s\c- %s,,,,
"Usage:
\c[sapphire]netevent \c[fire]LMBH\c-:\c[green]cheat\c-:\c[cyan]<Your_Cheataron_Class>",CHEATARON_USAGE,,"Cara penggunaan:
\c[blue]netevent \c[fire]LMBH\c-:\c[green]cheat\c-:\c[cyan]<Kelas_Cheataron_Anda>",,,,
\c[blue]TIP\c-: Replace the \c[orange]%s \c-with your Cheataron Class!,CHEATARON_TEMPLATEO,,\c[blue]TIP\c-: Ubah \c[orange]%s \c-dengan Kelas Cheataron Anda!,,,,
"Feel free to implement this to your own mod!
\c[green]https://github.com/Perkedel/Lah-Mboh/blob/main/scripts/Cheataron/Cheataron.zs",CHEATARON_DOWNLOAD,,"Silahkan diimplement ke mod Anda sendiri!  
\c[green]https://github.com/Perkedel/Lah-Mboh/blob/main/scripts/Cheataron/Cheataron.zs",,,,
\c[cyan]You have the following Cheats available:,CHEATARON_TITLELIST,,\c[cyan]Anda memiliki Cheat tersedia sebagai berikut:,,,,
\c[cyan]Total = \c[gold]%d\c[green] Cheat,CHEATARON_FINALCOUNT,,\c[cyan]Total = \c[gold]%d\c[green] Cheat,,,,
"\c[dark gray]Hmm, Empty? You did not have any, bruh!",CHEATARON_EMPTY,,"\c[dark gray]Hmm, Kosong? Anda tidak punya sama sekali, yaelah!",,,,
\c[green](((((\c[cyan]CHEATARON\c[green]))))),CHEATARON_TITLENAME,,,,,,
"Lorem Ipsum dolor sit amet, you have been cheating what?!",CHEATARON_EXAMPLE,,"Lorem ipsum dolor sit amet, Anda telah melakukan kecurangan apa?!",,,,
"Executing Cheataron \c[cyan]%s
\c[gray]{{\c[blue]%s\c[gray]}}
\c-+-+-+-+-+-+-+-+-+-+-+
%s
\c-+-+-+-+-+-+-+-+-+-+-+",CHEATARON_EXECUTE,,"Menjalankan Cheataron \c[cyan]%s
\c[gray]{{\c[blue]%s\c[gray]}}
\c-+-+-+-+-+-+-+-+-+-+-+
%s
\c-+-+-+-+-+-+-+-+-+-+-+",,,,
,,,,,,,
,,,,,,,
,,Cheataron Cheats Now,,,,,
Out of Resource Kit,CHEATARON_OUTRESOURCE_TITLE,,Paket Kehabisan Sumber Daya,,,,
"Out of Resource! Give me all the stuffs!
The level did not gave us resources well enough!",CHEATARON_OUTRESOURCE_DESC,,"Sumber Daya habis! Berikan saya semuanya!
Levelnya tidak menyediakan sumber daya dengan becus!",,,,
\c[red]WERROR\c-: Player %d not in game!,CHEATARON_OUTRESOURCE_ERR_NOPLAYER,,\c[red]WERROR\c-: Pemain %d tidak didalam game!,,,,
\c[red]WERROR\c-: Player %d does not have a valid PlayerPawn!,CHEATARON_OUTRESOURCE_ERR_NOPAWN,,\c[red]WERROR\c-: Pemain %d tidak memiliki PlayerPawn yg valid!,,,,
\c[cyan]You Cheated!,CHEATARON_COIN,,\c[cyan]Anda Curang!,,,,
,,,,,,,
,,,,,,,
,,,,,,,
,,,,,,,
,,,,,,,
,,,,,,,
---------------------------------------------------------------------,INTERNAL_BARRIER_MINUS,,,,,,
,,,,,,,
,,,,,,,
,,,,,,,
,,,,,,,
,,,,,,,
UAC,MEGACORP,The mega corporation should be refered as,,,,,
,,,,,,,
,,,,,,,
,,,,,,,
,,m8f’s Stupid Achievemt stuffs,,,,,
,,,,,,,
,,,,,,,
,,,,,,,
,,,,,,,
,,,,,,,
,,,,,,,
,,,,,,,
,,Menu Strings,,,,,
Mature Content,NSFWContentTitle,,Konten Dewasa,,,,
WARNING!: Must be biologically mature! Avoid turning this on at public place such as PC Cafe!,NSFWWarn,,PERHATIAN!: Wajib dewasa secara biologis! Hindari menyalakan opsi ini pada tempat publik seperti warnet!,,,,
Shake it Baby!,NSFWOn,,Ayo goyang sayang!,,,,
OFF,NSFWOff,,MATI,,,,
Experience will contain Sussy Baka!,NSFWDescOn,,Pengalaman akan mengandung Asemelehoy Uhuy!,,,,
Experience will be bland,NSFWDescOff,,Pengalaman akan menjadi bantet,,,,
You may need to load respective complementary PWADs in order to activate such part of the experience.,NSFWRequire,,Anda mungkin membutuhkan setiap PWAD tambahan yang sesuai untuk mengaktifkan bagian dari pengalaman tersebut,,,,
Settings to turn on FULL Experience,NSFWCaption,,Pengaturan untuk menyalakan Pengalaman PENUH,,,,
Parental Control,NSFWOptionSay,,Pengaturan Orang Tua,,,,
Go to Level,GOTOLEVELSAY,,Pergi ke Level,,,,
,,,,,,,
Safety Options,SeizureSafetyTitle,,Pengaturan Keselamatan,,,,
"WARNING!: Immediately stop playing this game if you are about to seizure, chest tightening, etc.",SeizureWarn,,"PERHATIAN!: Segera berhenti bermain bila terjadi kejang2, sesak dada, dsb.",,,,
Flashing ON,SeizureFlashOn,,Cahaya Kedip HIDUP,,,,
Flashing OFF,SeizureFlashOff,,Cahaya Kedip MATI,,,,
Flashing Lights,SeizureFlashTitle,,Cahaya Berkedip,,,,
"Carefully adjust this setting such as Flashing lights & colors, jumpscares, etc.",SeizureWarn2,,"Atur setelan dengan baik seperti pengaturan Cahaya kedip2 & warna, horror, dsb.",,,,
Horrors & Jumpscares,SeizureHeartTitle,,Horror & Kaget2an,,,,
Scaryness ON,SeizureHeartOn,,Seram HIDUP,,,,
Scaryness OFF,SeizureHeartOff,,Seram MATI,,,,
,,,,,,,
,,,,,,,
,,,,,,,
,,m8f’s Stupid Achievemt yoinks,,,,,
,,Classes Values,,,,,
,LMBH_Achieve_,Base Class,,,,,
Achievement Unlocked!,LMBH_Achieve_TITLE,,Prestasi Diraih!,,,,
You did something.,LMBH_Achieve_NAME,,Anda telah mencapai sesuatu.,,,,
Explained something!,LMBH_Achieve_DESCRIPTION,,Menjelaskan sesuatu!,,,,
Achievement Progress: ,LMBH_Achieve_PROGRESS,,Progres Pencapaian: ,,,,
,,Options Menu,,,,,
,LMBH_Achieve_MENU_,Options bases,,,,,
Mboh Achievements Options,LMBH_Achieve_MENU_TITLE,was Stupid Achievements Options,Pengaturan Prestasi Mboh,,,,
Horizontal position,LMBH_Achieve_HORIZONTAL,,Posisi horizontal,,,,
Vertical position,LMBH_Achieve_VERTICAL,,posisi vertikal,,,,
Animation type,LMBH_Achieve_ANIMATION,,Jenis animasi,,,,
Left,LMBH_Achieve_LEFT,,Kiri,,,,
Right,LMBH_Achieve_RIGHT,,Kanan,,,,
Top,LMBH_Achieve_TOP,,Atas,,,,
Bottom,LMBH_Achieve_BOTTOM,,Bawah,,,,
Clear achievements,LMBH_Achieve_CLEAR,,Hapus semua prestasi,,,,
Show test achievements,LMBH_Achieve_TEST,,Uji coba prestasi,,,,
,,,,,,,
Notifications,LMBH_Achieve_NOTIFY,,Notifikasi,,,,
Slide vertically,LMBH_Achieve_SLIDE_VERTICAL,,Meluncur vertikal,,,,
Slide horizontally,LMBH_Achieve_SLIDE_HORIZONTAL,,Meluncu horizontal,,,,
Fade in/fade out,LMBH_Achieve_FADE_IN_OUT,,Muncul/memudar,,,,
Disabled,LMBH_Achieve_DISABLED,,Dinonaktifkan,,,,
,,,,,,,
Achievements,LMBH_Achieve_ACHIEVEMENTS,,Prestasi,,,,
Locked,LMBH_Achieve_LOCKED,,Belum tercapai,,,,
Unlocked,LMBH_Achieve_UNLOCKED,,Tercapai,,,,
Locked Achievements,LMBH_Achieve_LOCKED_TITLE,,Prestasi Blm Tercapai,,,,
Unlocked Achievements,LMBH_Achieve_UNLOCKED_TITLE,,Prestasi Tercapai,,,,
,,,,,,,
,LMBH_Achieve_Y,,,,,,
,,,,,,,
,,,,,,,
,,,,,,,
,,,,,,,
,,,,,,,
,,,,,,,
,,,,,,,
,,,,,,,
,,,,,,,
,,,,,,,
End Game,MNU_ENDGAME,Only Raze had it,Akhiri Permainan,,,,
,,,,,,,
,,,,,,,
,,,,,,,
,,,,,,,
,,,,,,,
,,,,,,,
,,,,,,,
,,,,,,,
,,,,,,,
,,,,,,,
,,,,,,,
,,System Strings,,,,,
,,IWAD Detector,,,,,
\c[green]You have FREEDOOM!,IWDT_FD,,\c[green]Anda memiliki FREEDOOM!,,,,
\c[green]You have BLASPHEMER!,IWDT_BL,,\c[green]Anda memiliki BLASPHEMER!,,,,
"Unable to detect IWAD by lumps. I assumes it’s either \c[green]original DOOM's\c-, \c[green]Raven's (Heretic or Hexen)\c-, \c[green]Strife\c-, clones, or a \c[green]custom IWAD thereof\c-..",IWDT_UNKNOWN,,"Tidak dapat mendeteksi IWAD berdasarkan lump. Saya assumsikan antara itu \c[green]DOOM orisinil\c-, \c[green]Raven (Heretic atau Hexen)\c-, atau \c[green]sebuah IWAD custom\c-..",,,,
\c[green]You have Mala Petaka! Ayy yoo!,IWDT_MALAPETAKA,,\c[green]Anda memiliki Mala Petaka! Widih coy!,,,,
\c[orange]ID24 Resources Detected!,IWDT_ID24RES,,\c[orange]ID24 Resources Terdeteksi!,,,,
\c[green](((((\c[orange]IWAD DETECT\c[green]))))),IWDT_TITLENAME,,,,,,
,,,,,,,
\c[orange]WARNING\c-: \c[yellow]NSFW\c- Mod PWAD PK3 are being loaded! \c[red]TURN OFF STREAMING NOW!!!\c-\nList of detected \c[yellow]NSFW\c- stuffs:,SFDT_NSFWFOUND,,\c[orange]PERINGATAN\c-: \c[yellow]NSFW\c- Mod PWAD PK3 terdeteksi! \c[red]SEGERA MATIKAN STREAMING!!!\c-\nDaftar barang \c[yellow]NSFW\c- terdeteksi:,,,,
\c[red]CRITICAL\c-: \c[red]NSFL\c- Mod PWAD PK3 are being loaded! \c[red]TURN OFF STREAMING NOW & PURGE THE REPLAY OFF THOSE UNWORTHY PLATFORMS IMMEDIATELY!!!\c-\nList of detected \c[red]NSFL\c- stuffs:,SFDT_NSFLFOUND,,\c[red]BAHAYA\c-: \c[red]NSFL\c- Mod PWAD PK3 terdeteksi! \c[red]MATIKAN STREAMING & SEGERA HAPUS REPLAY DARI PLATFORM TIDAK PANTAS!!!\c-\nDaftar barang \c[red]NSFL\c- terdeteksi:,,,,
"There is no NSFW, nor NSFL Mod PK3! You are \c[blue]GOOD TO GO!\c-",SFDT_GOODTOGO,,"Tiada Mod PK3 NSFW, ataupun NSFL! Anda \c[blue]SIAP LAKSANAKAN!\c-",,,,
\c[red](((((\c[light blue]SAFE DETECT\c[red]))))),SFDT_TITLENAME,,,,,,
,,,,,,,
,,,,,,,
,,,,,,,
,,,,,,,
,,,,,,,
,,,,,,,
,,,,,,,
,,,,,,,
,,Achievements,,,,,
,,m8f’s Stupid Achievemt now add,,,,,
Initiate,Achieve_imp_initiate,,Pemula,,,,
Kill one imp,Achieve_imp_initiate_desc,,Bunuh satu imp,,,,
You Cheated,Achieve_YouCheated,,Anda Curang,,,,
Some ranking features maybe disabled permanently in this save,Achieve_YouCheated_desc,,Beberapa fitur ranking mungkin telah dinonaktifkan permanen di save ini,,,,
I’m die thank you forever,Achieve_ImDieThankYouForever,Korone while playing KTANE with Calliope. Korone as defuser while Calli as manual. The time runs out and this is what she said.,Aku mati terima kasih selamanya,,,,
WHAT!? | Die then Level Complete,Achieve_ImDieThankYouForever_desc,,APA!? | Mati kemudian Level Complete,,,,
What are you doing Step sibling?,Achieve_EichPlayer,Loaded a particular mod & start a new game on it,Apa yang kau lakukan kakak tiri?,,,,
Uh... DOOM. | Start a New Game of that mod,Achieve_EichPlayer_desc,,Uh... DOOM. | Mulai New Game di mod yang itu,,,,
,,,,,,,
,,,,,,,
,,,,,,,
,,,,,,,
,,,,,,,
,,,,,,,
,,,,,,,
,,,,,,,
,,,,,,,
,,,,,,,
,,,,,,,
,,,,,,,
,,,,,,,
,,,,,,,
,,,,,,,
,,,,,,,
,,,,,,,
,,,,,,,
,,,,,,,
,,,,,,,
,,,,,,,
,,,,,,,
,,,,,,,
,,,,,,,
,,,,,,,
,,QUIT MESSAGES,,,,,
Where’d you going?!,WHERDGOING,A Quit Message,Mau kemana kamu?,,,,
"Please comeback, who’s gonna accompany lonely me?!",PLSBACKACC,,"Plis balik lagi, ntar siapa mau nemenin aku kesepian nih?!",,,,
"Heads up! Worlds out there gone more cruel than those Bugs, Ethereals, Zombies, etc. Combined!",HEADSUPTOXICITY,Sequel to Freedoom’s quit message about Social Media Toxicity,"Hati-hati! Dunia sana lebih kejam dari Serangga, Ethereal, Zombie, dll. bersamaan!",,,,
"Don’t forget to give us star on our
$GITHBMBOH, thancc!",GIVESTARMBOH,Promotion of this Mod PWAD PK3 source code,"Jangan lupa kasih kita star ke GitHub kami
$$GITHBMBOH, makasih!",,,,
Are you sure about that?!,CENARUSAT,John Cena’s meme of surprise meetup press,Kau yakin dengan itu?,,,,
"Folks, let’s not have a beef against.. Belko, for what he did against us.
Never you shall, in any centuries.
I know, License Checks (DRM). But still.
Just so you know, If I was in his shoes, I’d just FUTO (No DRM yadi yada) & use I am rich method instead,
So that those who can pay pay now, Can’t, Just let the peck go until they can, etc. Why So Hard?
Whatdya think?",DTBEEF,"Delta Touch is an Android Doom Source Port Collections that collects infamous Doom Source ports
Such as GZDoom, Zandronum, Vanilla Compatible & Limit removings.
Alas, this APK is Paid & as of certain version, it has a nasty DRM that if you sparsdated it, it causes License Error.
We no longer talking about certain descendants whose parent has oil refinery but cannot Credit Card any reason.
We’re now talking about Ownership.
However, as we scoured about this, we also found that Belko, as the developer of this collection was kind enough to give out vouchers to those who were unable to.
Of course, we are suspicious to those recipients upon hearing the news, as this could be abused.

For context, the App only costs USD 4.99 or about 50 Pts. (IDR 50 rb), 
However, there are nations with high living cost hence
see this as USD 4999 and counting

C’mon, do you really think those who lives there can even buy Chromebooks or pretty much just working cheap laptop just to GZDoom? I mean.. argh..","Teman2, mari untuk tidak memiliki dendam terhadap.. Belko, atas apa yang telah ia perbuat terhadap kita.
Tidak sekalipun, abad kapanpun.
Ya tahu, Cek Lisensi (DRM). Tapi ya tetap saja.
Asal kalian tahu, kalau aku seandainya jadi dia, paling aku FUTO-in aja (Tanpa DRM dsb,) & pakai metode I am rich,
Jadi yang bisa bayar bayar sekarang, gk bisa ya gpp sampai bisa akhirnya, dsb. Susah Amat?
Gimana menurut kamu?",,,,
"Jesus Christ on an Innova!
I don’t pecking want to know anymore about that CEO shit. Nada!
Ever since we delved here, still just there a freaking toxicity in this political matter
UGH! Where the peck do we supposed to go again!? It’s been 200 Years!! and 1, idk. Lost count.",MOORTOXIC,"Graf Zahl, the main contributor upon GZDoom (a continued fork of Zdoom), is known to be very toxic over something e.g. does not designed for his GZDoom, etc.
Infamously, an incident occured when a Zdoom glitch test weren’t incompatible with the newer GZDoom. When Zahl should’ve been happy about this because it shows that those had fixed,
He instead went into meltdown mode, resulting him labeled as Salty Member. The label were shortly removed and changed again to something else.

Additionally, this message comes from Joel himself this 2025, where he stated his disappointment of this toxic situation in Doom community overall. He was also been a victim to this kind of toxicity,
Including the ban from his beloved community that forever changed his brain. He expected better, but always remembered, since he was betrayed, there is no more expecting.
And that’s the 200 years and 1. The date since his birth, to the day this was set in about 2100s","Tuhan Yesus naik Kijang Innova!
Gw gk tau lagi soal CEO gitu lagi, gk akan!
Sejak kita masuk ini, masiiih aja toxicity dalam politik ini
EGH! Tau mau kemana lagi habis itu? Udah 200 tahun loh!! ama 1, tahu. Dah lupa.",,,,
"I just hope there is no Hollow right in Perkedel Cinematic Universe ever again. God, that’s scary.",NOMOREHOLLOWPLS,"It has been 101 years around since the Hollow incident resolved. This Mboh endeavor was set 101 years after the Surreal Blender Meme x Zenless Zone Zero fangame.
This references that success on the final level, where Lancaster & friends destroyed the Hollow, which turns out a Virus rather than actual corrupting energy
Similar with Demonic energy in Doom universes.
Despite being just a Software on this PCU, it possess the same effect as the real one on ZZZ’s verse.

Zenless Zone Zero is not Perkedel’s game. It’s a game from MiHoyo.","Ku harap tidak ada Hollow2an lagi di Perkedel Cinematic Universe selamanya. Astaga, itu seram sekali.",,,,
"Go ahead, quit.. and be a zombie of Ricing your Hyprland setup nonstop.",HYPRLOCK,"Hyprland is a Desktop Environment powered by Wayland, for Linux distros.
It offers full customizability, & addon supports.

Due to this, there are a whole lots of showcases of Linux Rice, that includes Hyprland amongst other customizable Desktop Environment, and some even upload
That config files so they can apply & modify it further.
Of course, this is also an addiction point, which is configuring Desktop Environment (which again, called Ricing, named after other modifying things related to vehicles).

Uses upset angers of typical Doom Quit Message.","Yaudah, keluar. Trs jadilah zombie ngericing Hyprland-mu seumur hidup.",,,,
"Don’t forget, save up, so you can buy DIY PC build kit.",PCRAKITNABUNG,A reminder so gamer save up money so they can buy PC components to build their own than having to play on an inferior hardwares,"Jangan lupa, nabung, biar bisa beli paket Rakit PC.",,,,
"I don’t trust you anymore, you’re very toxic!

Right?",YOURETOXIC,"Since Arenod Sediron & every Perkedel endorsed organization lived in isolation ever since the Sediron Masacre incident, these family has been locking themselves
In their own house. They can buy new house & touch grasses & marbles, but of course, never trust strangers. From online, to even real life.
Because no matter what, there is always a chance of betrayals, & getting accepted into the family itself now is a once in a life privilege.

Disclaimer: This may change in the actual 100 years, we’ll see. Also this message was suggested by Caliborn, therefore please direct your hate towards him, not us. He’s designed for it don’t worry.","Aku tidak percaya kau, karena kau toxic!

Ya kan?",,,,
"Mirror mirror on the wall, who’s the fairest of all?

Y for trash can
N for me",MIRRORWALL0,"Funny quit message in reference to Snow White, where Maleficent asked the mirror who’s the most beautiful.

Spoiler alert in case Disney still proprietarize Snow White even already 100 years over (hence must PD): The mirror says Snow White.
That’s why Maleficent made cyanide apple & scammed Snow White to her demise.","Oh cermin ajaib, siapakah yang paling cantik sedunia?

Y untuk tong sampah
N untuk saya",,,,
"Mirror mirror on the wall, who’s the fairest of all?

Y for me
N for you",MIRRORWALL1,different alt outcome,"Oh cermin ajaib, siapakah yang paling cantik sedunia?

Y untuk saya
N untuk kamu",,,,
"Just give it up!
Rather than hit with paywallism to here there to the product not his own
Just build the pecking PC!",JUSTBUILDPC,"A stress telling Doomers who still stuck on inferior hardware to just head up buy more powerful PC building kit.
Targeted to Doomers on some land XYZ who has just a phone with sparsdated Delta Touch Mod APK","Udahlah!
Daripada ribet kena urusan paywall2 terhadap produk yg jelas bukan punya dia
Mending Rakit PC kocak!",,,,
Wear mask! Haha did I scare you?,WEARMASKER,"Scary message to remember the time of VIRUS AGE XX20 Century 21st, which that one was COVID-19.
As always, one of the protocol during this biological auto-war is to wear a closed respiratory mask, typically N-95 based & full cover no out-respirator.

I wonder what VIRUS AGE 2120 looks like & what virus? Hmmm... XD!!!",Pakai masker! Haha merinding ya?,,,,
Did you got banned from your beloved community?,GOTBANNED,"Small question if you have been banned from either Doomworld, r/Doom, Zdoom forum, etc., just like Joel was on his Heartbeat community for the similar toxicity of the community?

Disclaimer again: This was Caliborn’s idea. Probably by the time you dug this from some archive storage since 100 or so years, you don’t have idea what are those, but should feel it and relate with your current era of the situation.",Apakah Anda telah diban dari komunitas Anda tercinta?,,,,
Press Y to poop non-stop,QUITTOPOOP,"Another take of typical Doom Quit message in topics of Y to quit insult.

This time it’s not Caliborn’s idea, but an anonymous Radiocomms faction fan, & was a graduate student involving Caliborn as one of his lecturer during his years.",Tekan Y untuk berak non-stop,,,,
"Feel free to use even the most powerful AI & various Inteligent Construct all you want,
BUT DON’T CHEAT!!.
Like.. type the command, attach the references, get the result & call it a day?.., ew!!",AINOCHEATPLS,"Since 2024, there has been alot surge of impostor creatives, which are the people who also claimed to be artist, but they’re using an AI tool
That lets them get any image they want with just a word & image references.
The real artist are the only one who drew everything by hands and scratches, not vouching some robot to draw for them.
Therefore, we cannot fully disagree with AI, like disagreeing Steam because it replaces Horses. There is also which one is cheating, and which one is assist.","Silahkan pakai AI & aneka ragam Inteligent Construct yang bahkan terkuat sekalipun semaumu,
TAPI DILARANG CURANG!!.
Kaya.. ketik perintah, sisipkan referensi, ambil hasil & udah gitu?.., huek!!",,,,
"Out there more scarier than all horror WADs combined you know..
No, deadlier now instead. You make something, you’ve got hated,
And then.. you know that! Heee!!!",SCARIEROUTTHERE,Probably a sequel to some Doom related quit message about scarier outside rumor,"Disana lebih menyeramkan daripada semua WAD horror tergabungkan loh..
Eh, maksudnya mematikan sekarang. Lu buat, lu dibenci,
Terus.. ya gitu! Hiiiy!!!",,,,
"Jesus Christ, stop complaining!
Just claim Delta Touch now! You bought Balatro for 100 Pts yesterday!
Huh? What else too expensive? Again, this costs only 50 Pts., way lower than Balatro you’ve just successfully escaped from..",ALREADYBALATRO,"Balatro costs about IDR 100rb on Steam, while Delta Touch around IDR 50rb on Google Play

Balatro is a card poker themed rogue game, not to be confused with Texas Holdem Poker & related. You draw card & the result defines the point you got
Reach enough point to kill the enemies & bossess, called Blind. There are 2 Blinds & 1 Boss Blind in a Stage called Ante.
Somehow this is too addicting. Additives available too as mods you can apply to it just like Doom.
I salute you for managing to escape. For those who never play Balatro, DO NOT!! not even mobile ones.","Ya Tuhan, stop ngeluhnya!
Beli aja Delta Touch sekarang! Elu malah beli Balatro kemarin 100 Pts.
Hah? Apa lagi yg kemahalan? Nih sekali lagi, ini cuman 50 Pts., jauh lebih murah dari Balatro yang barusan lu lepas darinya..",,,,
"Hey, better than you gamble online
You buy Balatro & Delta Touch, I think..
Same deposit, no return, but no loss either.",DRPDJUDIONLINE,"Online gambling is one of the world’s first problem plaguing desperate people of certain regions. Infact, it’s no longer just about financial outlook, but also
Mental quotience too!","Hei, daripada lu judi online
Mendingan beli Balatro ama Delta Touch, kayanya..
Sama depositnya, tanpa balik, tapi gk loss juga.",,,,
"Don’t you say you still haven’t bought DOOM I + II rerelease, are you??!",DIDNTBUYDOOMPACK,"You probably have bought that rerelease aren’t you? Maybe a good idea to accept the problem & blend in for now 
(Delta Touch is not gratis despite it just collects Source ports & optimize yadi yada & that’s disappointing)","Jangan bilang sampai hari ini lu masih belum beli perilisan ulang DOOM I + II, ya kan??!",,,,
"Wait, you’re using Huawei? I hope the Aurora Store has implemented License Checks working..",HUAWEIBANNED,"Huawei as of sometimes ago was banned by USA Government & order every American to pull the plug against them, including Google
Hence, no more Google Play anymore.

If you buy Huawei now outside its origin (China), you maybe offered to install MicroG (open source alt Play Service) & Aurora Store (alt Google Play Store).
Of course, these combo are eternal development because Google is of course proprietary & often changes how their API works.

With this problem in mind, Delta Touch may not work in some cases, because they have DRM. 
APKs that do License Checks will use the API that taps into Google Play Store APK then validate your purchases.","Bentar, lu pakai Huawei kan? Duh semoga Aurora Store udah bisa License Check nih..",,,,
Why so serious? How much a Starbuck coffee cost? 30 Pts. Somewhere?,STARBUCKCOSTEQ,"You often bought Starbuck coffee alot right? Yet.. you still sparsdat alot of games to this very day? Oh, was it DRM?",Kenapa serius? Berapa sih harga satu kopi Starbuck? Paling 30 Pts. Dimanalah gitu?,,,,
"Look at those yee yee a’s setup. Only 2 speakers, a Headphone, cheap a’s blue switch keyboard & cheap a’s Deathadder?
Could’ve been much better with like.. 8 speakers, RX maximum, Basillisk or whatever custom & bespoke keyboards etc.
Jesus Christ, 170 Hz max? That’s too choppy!!",SURROUNDLACK,Inspired from a quit message of PopCap Heavy Weapon game,"Tuh lihat setup sampah lu. Cuman 2 speaker, Headphone, keyboard Blue Switch murahan & Deathadder murahan?
Masih bisa lbh baik pakai misal, 8 speaker, RX maximum, Basillisk atau custom macamlah & keyboard custom dll.
Astaga, maksimal 170 Hz? Gile itu patah2 sih!!",,,,
I like this game! Don’t mind if I do,COPYTHEGAME,Watch out! Don’t Copy officer would appear!!,Saya suka game ini! Boleh gk ya,,,,
Suplema is required nowadays,SUPLEMA,,Pendampingan memang dibutuhkan jaman now,,,,
I forgor,IFORGOR,Opposite of I rember,Aku lupa,,,,
,,aaa,,,,,
"Pls, don’t go to XYZ, ABC, or any meetup social media of that matter!
Without POC License enforcement, it’s havoc! Worse than Hell, Hollows, & Invasion combined!
It’s no longer just about being Blocked, you know..",SOCIALDANGEROUS,"Social media in general without government level / Radio-like of moderation is dangerous, Joel stated circa 2024
Fun fact, as Arenod Sediron, Dasandim, & friends passed this law, it of course causes backlash. And of course, they don’t turn back.
& turns out, the community becomes Ordered once again.
Additionally, Arenod Sediron advised against registering or even engaging to any social media that does not ask your POC License.

POC stands for PTT (Push to talk) over Celular, a type of Radiocomms where the radio goes over internet instead of conventional radio frequencies.
Basically Discord with Push to Talk option.

When Joel was been attacked numerous times, including the final blow that changed his brain, he established the idea where the social media are moderated
Just like Frequency Radio.
Where in Frequency Radio, License required in order to ensure use of wave done in manners & no disturbances.
Here, with Internet Comms, License shall be required in order not only to ensure rooms done in manners & no disturbances, 
But also behaviours, equivalent to Driving License where it has tickets & confiscation.","Pls, jangan pergi ke VRChat, ChilloutVR, atau medsos bertemu apapun!
Tanpa penegakan Lisensi POC, kacau dah! Lebih parah dari Neraka, Hollow, & Invasi bersamaan!
Ini bukan lagi soal Diblokir loh..",,,,
"Don’t forget to praise Mima-sama every 30th of every month!
NO, not religiously! I don’t even know who the hell is she.",PRAISEMIMA,From Russian Overkill’s moonspeak folder readme.,"Jangan lupa puji Mima-sama setiap hari 30 setiap bulannya!
BUKAN, bukan secara agama! Gua gk tahu siapa tuh dia.",,,,
"PECK NECK! My rights to ask even a donation broke!
Might’ve placed anything with NC (No Commercial) here somewhere, FUUUUUUUUUUUUUUUUUUUU",DONATRIGHTBROK,"We might make mistake of doing that. Idk if this is okay. Perhaps likely considering it’s just a mod designed to be stored as time capsule, 
and by maybe hundreds of years Joel may no longer exist here,
Who knows?","ARGH SIAL! Hak gue minta donasi ambyar!
Kyknya ketaruh sesuatu yg NC (No Commercial / Dilarang Komersil) dimana dah tuh, ANNNNNNJJJJJJJJJJJJJ",,,,
Press Y to reassemble pumpkins back to 1 piece each,UNSPISPOPD,opposite of DOOM joke of Smashing Pumpkins Into Small Piles Of Putrid Debris,Tekan Y untuk menyusun ulang labu masing2 jadi 1 lagi,,,,
"This, is Elon Musk.
Tesla’s Co-founder & CEO.",THISISELONMUSK,Copypasta of the meme,"Beliau, adalah Elon Musk.
Pendiri & CEO Tesla.",,,,
"btw, I use Arch",ARCHBTW,Arch copypasta,"btw, saya pakai Arch",,,,
"RISC-V Shall rule the world, & that’s a good thing!",RISCVREIGNS,"RISC-V is one the latest RISC type CPU architecture. Unlike many, this one is Open Standard & 
Anyone can build their own Core XYZ of this Architecture without
Having to pay royalty to RISC-V body.","RISC-V akan menguasai dunia, & itu adalah hal baik!",,,,
"When life gives you people, don’t build community!
BUILD LEVELS!!!",LEMONLEVEL,Play of Portal’s Cave Johnson Combustible Lemon meme,"Saat hidup memberi anda seorang, jangan bangun komunitas!
BANGUNLAH LEVEL!!!",,,,
What were you doing during this century?,DOINGCENTURY,100 years = 1 Century,Apa yang telah Anda lakukan selama satu abad ini?,,,,
Is there now new job type finally after these ages?,JOBHARD,Unable to Job due to cliche & still high mundanity,Apakah akhirnya sudah ada pekerjaan jenis terbaru setelah ribuan tahun ini?,,,,
"Did you know that Freedoom guy’s hand much stronger than Doomguy’s?
Because Freedoom guy doesn’t even need brass knuckles.
& it even stays smooth after even countless berserks going on.
Well, is Doomguy gonna be jealous?, lol!!",NONEEDKNUCKLE,"In DOOM original, Hand weapon is Brass Knuckle, while in Freedoom is just Fist
Makes me wonder why would this difference on its own could be so interesting.","Tahukan Anda bahwa tangan abang Freedoom lebih kuat dibanding si tuan Doomguy?
Karena abang Freedoom tidak butuh knuckle kuningan.
& bahkan masih tetap halus walaupun setelah berserk berkali2.
Ya, apakah tuan Doomguy akan iri?, awowkwowkwow!!",,,,
"Guess who’s included in the blame for Daisy’s Death?

Indonesians.",SATEKELINCI,"There is Rabbit skewer BBQ (Sate Kelinci) popular in Southeast Asia, such as Indonesia.","Tebak siapa yang termasuk bersalah atas kematian Daisy?

Orang2 Indonesia.",,,,
Never ever communicate with realm that does not enforce POC License,AVOIDNOPOC,"POC License moderates your communication just like usual with classic Radiocomms, for Social Medias.
Some people consider this enforcement a dictatorist due to its Radio-like strict rules.
It was established thanks to Sediron massacre 2030. Dasandim parliament initially established somekind of moderation bill, but shortly then
Handed over to Arenod Sediron, & then DNB as a whole.
Social Media or Special Platform that enforces this POC license results in a pipedream-like peaceful communication assuming the admins are good.
Very contrast to regular Social Media that liberates almost everything 
(including Blocking, where POC License stress its rules & punishment for abuse).",Jangan pernah berkomunikasi di tempat tanpa penegakan Lisensi POC,,,,
"Okay that was me, I’m sorry.",THATWASME,Elements above and below that does not corelate IRL means that’s likely from Perkedel Cinematic Universe & somewhere,"Oke itu dari gw, maaf deh.",,,,
"Did you know, Joel is a human?
Yeah, the Protogen was just a costume,
After reforming the Protogen world",JOELISHUMAN,"Despite Joel being a Furry, he is not a thyren in actuallity both IRL & Perkedel Cinematic Universe.
The Protogen Reform comes from Surreal Blender Meme X Protogen fangame.

Years after the Homestuck squad laid off as in the 2030 Harrasser Arrester Shutdown, they were bored doing their regular jobs.
At night, when sleeping, suddenly they were lifted up like heaven, into Surreal Blender Meme realm. New commission to go to Protogen sub-realm.
At first, these Protogens are happy, but behind it all, the queen (called just Queen) that leads is all is evil. 
Outcast & callback the outcast, the Homestuck & friends defeated the Queen & took over the Protogen world.
Liberated every single single gotchas in her licensing of the patent (same with IRL’s Protogen & Primagen patents)
& Freed the thyrens from being experimented on.","Tahukah Anda bahwa Joel itu manusia?
Ya, Protogen itu hanyalah kostum,
Bekas reformasi Dunia Protogen.",,,,
"That’s not a clip you idiot!
It’s a magazine, MAG!!!!",NOTAGUNCLIP,"id glosarically mistakes small pistol bullet pack as a `Clip` instead of what looks like a `Magazine`.
Reference to penguinz0’s criticism towards someone who also have gun but lacks the proper knowledge of gun terms.","Itu bukan clip bodoh!
Ini tuh magasin, MAG!!!",,,,
"Keep Modding never stop!
Until my datacenter explodes",KEEPMODDING,"Joel likes to download everything, until it’s full to the brim. This is why he’s known for begging harddisks & perma-storage disks.","Teruslah modding jangan pernah berhenti!
Sampai datacenter gw mbeledos",,,,
"Yeah quit, & also uninstall pls,
You parentless dumbass..",PARENTLESS,"Insult to toxic netizens who knows still behaves like it even 100 years over
These toxics refered are those who always cause trouble & huge nuisance to anything for no reason.","Ya sono keluar, & sekalian uninstall.
Dasar kalian tak ber orang tua.",,,,
"I was blocked because of a message I forgot
It’s been long time ago.
Yeah Cancel Culture! Woohoo!",IWASHATED,no need to explain. This was Caliborn’s fault! He set me up again by trying the controversial over & over!,"Saya telah diblokir atas pesan yg saya udah lupa
Dah dari lama kapan tahulah.
Yeah Cancel Culture! Woohoo!",,,,
"I’m afraid getting Terry-wadded into the politics again
Better I peck this neck silently before I die lol.",TERRYPOLITIC,"Trapped into a drama & then abandon this whole rabbit hole again as a result. Better start plagiarism & infringe this non-sensical copyright law
That chokes creativity & enjoyment","Saya takut di Terry-wadkan ke politik itu lagi
Mending gaslah diam2 sebelum meninggoy wkwk.",,,,
"Peck neck, got TerryWADed again!",GOTTERRYDRAMA,"Not just TerryWAD trap tho, somewhere else too.","Anjay, kena TerryWAD lagi!",,,,
"fcking hell, got taken down bro",DOWNTOOKED,File deleted due to drama whatever reason,"Ajg, di takedown coy",,,,
"Have the hate, but make it a PWAD map gameplay TC.
So I can see if you hate me for no reason.
Then I viralize your bullsh8t politic to everyone thru Odysee & YouTube.",HAVETHEHATE,"People hates for reasons. There must be a way to shame it without being direct but has way more powerful shame impact back towards
The perpetrator themselves doing so.","Silahkan punya kepahitan, tapi buatlah jadi PWAD map gameplay TC.
Supaya saya bisa lihat Anda benci saya entah napa.
Terus viralin politik ta8 kudamu ke semuanya lewat Odysee & YouTube.",,,,
"Once upon a time, our government is corrupted
Nowadays, it’s at its worst! YEY!
Indonesia VantaBlack!",CORRUPTTHENNOW,"Play at Indonesia Gelap campaign. Indonesia Gelap (Dark Indonesia) is a statementory campaign calling out the most corrupt & egregious things
Happened in Indonesia, e.g. where punishment bill pauses, and of course, corruptors are protected, leaving all society suffers as usual.","Pada Jaman Dahulu Kala, pemerintah kita korup
Sekarang, udah pas di terparahnya! YEY!
Indonesia VantaBlack!",,,,
"Same, I hate hard maps & slaughterions too!
But pls never downvote & not to mention:
Harrass the guy/gal that made it.

DNB mission is to collect files.
Not to find political clouts.",IHATEHARDMAPS,"There are many hard mappacks too.
But that never be the reason to make some big hot take podcast about those.
Infact, why would you even watch such kind of thing?
Don’t be like my dad, who always watch various kinds of hot heated podcast about A vs B.
In front of everyone (big TV) even!","Sama, gw juga benci Map susah & slaughterions!
Tapi mohon jgn pernah downvote, apalagi:
Ancam siapapun yg bikin.

Misi DNB adalah mengoleksi file.
Bukan mencari sensasi politik",,,,
"Awwww, Don’t feel bad.
Nobody shall be forced to make it vanilla compatible.
In fact, with craziest mods, 
& even standalone game that is nothing about FPS, 
was thanks to GZDoom to this day.",FEELBADCOMPAT,"For fuck sake!! I ended up making mods compatible exclusively for GZDoom instead to Vanilla!
WTF?!?!?!?!?","Ohhhh, jangan sedih dong!
Tak ada yg boleh dipaksa mesti vanilla compatible.
Nyatanya, dengan mod tergila sekalipun, 
& bahkan standalone yg bukan FPS sama sekali, 
itu karena GZDoom sampai hari ini",,,,
"If you have:
3D Models, STL, MIDIs, Softwares & Games, Audio, Steth, etc.
Please let us know, especially the Royalty Free ones.
Such files are way shortaged & even unknownly lost
Because of Copynoia.
Do not let the AI wins because of it!

Thancc",COPYNOIA,"Hahaha, https://breno.sarmen.to/midi/ thancc for inspiration
I’ll take it.","Apabila Anda memiliki:
Model 3D, STL, MIDI, Software & Game, Audio, Detak Jantung, dsb.
Mohon beritahu kami, terutama yg Bebas Royalti.
Karena file2 tersebut sangat sedikit jumlahnya & bahkan hilang tanpa jejak
Dikarenakan sebuah hal bernama Copynoia.
Jangan biarkan AI menang karenanya!

Makasih",,,,
"Don’t want AI win?
Then Open Source your arts, Free Culture
& make all of them have very visible GRATIS backdoors.",COPYNOIA2,"Oh, I got more political opinions about this. Wanna see more offending ones?","Nggak mau AI menang?
Jadi, Open Source-kan karyamu, Free Culture
& buat semuanya ada backdoor GRATIS yg jelas.
",,,,
"Congratulations! You let the AI win!:
By making either, some, or both:
Proprietarism, Paywallism, & Partialism",COPYNOIA3,"Let me Vent, hold on!","Selamat! Anda telah membiarkan AI menang!:
Dengan cara antara, beberapa, atau semuanya:
Proprietarisme, Paywallisme, & Parsialisme",,,,
"NUTS, no longer lags in GZDoom?!
Haha, Mancubus chance.",NUTSUNLAG,"Mancubus / Combat Slug class name is Fatso. Idk why, id..
GZDoom comprises so much features that makes craziest mods & even new standalone games possible
With caveat that it becomes so laggy more Things coming e.g.","NUTS, nggak ngelag lagi di GZDoom?!
Haha, sangat Mancubus sekali.",,,,
"Being such does no grant you any kind of hatreds toward them.
So no. Collect them. Foster & care them like usual.
Then bring the light.",VIOLFORBID,,"Meski demikian bukan berarti boleh benci terhadap mereka
Jadi nggak. Kumpulkan mereka. Jaga & rawat mereka seperti biasa.
Lalu berikan pencahayaan.",,,,
Thanks for not skipping quit confirmation message,QUITAMA,,Terima kasih untuk tidak melewati konfirmasi keluar.,,,,
"I can’t be considered behave, if yourself don’t",UNBEHAVE,,"Saya tidak bisa dianggap punya sikap, jika dirimu sendiri tidak.",,,,
"What if I told you, that Wrangled Plagiarizer
Doesn’t even have to be an AI Talk?",PLAGIAIF,"Play on Matrix What if I told you, this time about AI who are programmed to steal & mashes information.
Although such ideas might have been there since the ancient times which btw, done by humans.","Bagaimana bila begini, bahwa Penyontek Massal
Bahkan tidak mesti sebuah Obrolan AI?",,,,
Burner your Cookies,BURNCOOKIE,,Bakar Cookie mu,,,,
"....
Anyway, how to know if your LED sign can last up to centuries?
We only source the highest quality material designed to be turned on 24/7 non-stop,
Weather resistant casing and sealings all around corner,
And our production is top tier.
For indoor & outdoor, personal & franchise project,
Come to Wakerise Signage.
Stay tuned for more.",TONYLCSIGN,"A play of Tony from LC Sign, react stitching to various videos on the internet.
Obviously we cannot use this trademark since we do not own it. Therefore we have to use our local brand instead.
Perhaps, with LC (Lie Chen = Sunrise Morning), like Freedoom plays, to be it this: Wakerise.
Ah idk!","....
Anyway, bagaimana Anda tahu bahwa LED sign Anda dpt bertahan selama berabad2?
Kami hanya memilih sumber material berkualitas paling tinggi didesain menyala 24/7 non-stop,
Casing & sealing tahan cuaca segala sisi,
Dan produksi kami selalu tok-cer.
Untuk Dalam & Luar ruangan, pribadi & proyek franchise,
Datanglah ke Wakerise Signage.
Tonton terus untuk lebih lanjut.",,,,
"There is ZERO shame, for failure making maps
Vanilla or even atleast MBF21 compatible.
Bull8888 I’d say: No cool for that GZDoom only
That’s a lie! Don’t trust ‘em!",NOSHAMEFAILVANILLA,"Some people believe that making mods that only works GZDoom automatically makes you no cool.
This toxic standard is what pours melted aluminum into the live rabbithole.","Tiada alasan untuk MALU, karena gagal membuat map
kompatibel dengan Vanilla ataupun seenggaknya MBF21.
Bohong kata saya: Gak keren karena khusus GZDoom
Hoaks! Jangan percaya!",,,,
"It only make sense for replacement IWAD to equivalently
Formatted the same as the original IWADs.
Same goes for another XYZ, will be in format XYZ.
Although to be fair, we’re doing this just for coverage.",VANILLACOMPAT2,"Let the Replacer IWAD follows the same format as the original IWAD.
If you like to make not-for-merging PWADs, it’s f88888 yours! Do whatever you want.
After-all, this Demo format (only record inputs) is rather wrong I would say.
Could’ve been motion like MMD Motions or 3D Model animation graph instead","Hanya masuk akal untuk IWAD pengganti sama2
Berformat itu juga seperti pada IWAD aslinya.
Sama juga dengan XYZ lainnya, berformat XYZ.
Cuman seadilnya, kami melakukannya demi coverage aja sih.",,,,
"Required to beat that slaughterion maps?
Escaping off of it not allowed?
Repeated times of resource depletion in every New Game?
Use PillowBlaster’s Russian Overkill!
You can thank me later.",USEROKILL,"If the PWAD maps is only slaughterion & you’re not the guy who’s into it,
Feel free to use PillowBlaster’s Russian Overkill & Give Everything cheats.

There not no shame for inability beating Slaughterion / Impossible map.
Those who shames are public liars. Even if the experts says so.","Harus melewati map penuh slaughterion?
Menghindarinya tidak diizinkan?
Kehabisan sumber daya berulang kali setiap New Game?
Gunakan Russian Overkill dari PillowBlaster!
Anda dapa berterima kasih nanti.",,,,
"When you tried to avoid terrywads,
There when terrywads shall pounce on you.",AVOIDTERRY,"Inspired from a quote that azzam6532 remembered.
https://youtu.be/hmdztq-putI

Note, the terrywads that meant here was Politics & Dramas in various aspects.
These have the same loud screaming & same impossible to win.","Ketika Anda ingin menghindari terrywad,
Disitulah terrywad menghampirimu.",,,,
"Don’t eat fruits out of carbide!
Feel how’s the OG got started!",KARBITAN,"Carbide https://youtu.be/YPIXbbJHuEo . 

Calcium Carbide stone emits acetylene gas when hit with water as it this chemical reaction.
This gas is flamable, and hence typically used for something that needs hottest stuffs & comes fast such as welding.
Acetylene turns out also can ripe fruits faster than natural Etylene fruits emit. 
This is because they have similar property, where AC has fewer Hydrogen than ET.
Obviously, this comes with caveat that the decay will also be much faster.

Taking the latter process, Karbitan is a brand new term from Indonesia est. 2025
(Normie term was there first)
to mark people who got into trend & get to know as quick as possible which typically only because it’s viral.
Whereas, experts who has been in the rabbit hole are because they’ve been there in long time.

You should be able to figure out how is the DOOM today vs. Back then right?
DOOM originally has no jump nor freelook. PCs that time had no sound, color display, 
graphics, just limited.
If you disappreciate those old times at all, that mean you’re a normie, a.k.a. Karbit.","Jangan karbitan dong!
Rasainlah gimana para sesepuh memulai!",,,,
"SELF INSERT ALERT!

But is the lore also good tho?",SLINSALERT,You may find self insert stories,"PERINGATAN SELF INSERT!

Tapi apakah ceritanya bagus juga?",,,,
"Don’t delete politics no more.
If you keep doing that, it’ll stick more closer tomorrow.
It goes like that everytime.",CANTUNPOLITIC,Teaser for our controversial move-out DLC,"Jangan pernah hapus politik lagi.
Jika Anda terus melakukannya, mereka akan semakin melekat besok.
Terus begitu setiap kalinya.",,,,
"Yes, we are Carbites.
But that does not mean rights to learn infinitely voids,
So shut the peck up!",YESCARBITE,"Joel only comes doom way too late instead of should’ve been in 90s,
Because he wasn’t born yet, and in his childhood, Indonesia did not have DOOM imported due to obvious reasons.","Ya, kami memang Karbit.
Tapi bukan berarti hak belajar selamanya makzul,
Jadi tutup mulut luber mu!",,,,
It’s called `Djava`. Java because of that coffee brew there.,ITSJAVA,Java from Sun Microsystem now Oracle. Previously named Oak if not mistaken.,Ini sebut `Djava`. Java karena kopi tubruk itu.,,,,
